SYMBOL,LDCP,OPEN,HIGH,LOW,CURRENT,CHANGE,CHANGE (%),VOLUME,sector,index
TELE,11.42,11.70,12.35,11.51,12.12,0.70,6.13%,"58,072,392","['TEXTILE SPINNING', 'LEATHER & TANNERIES', 'FERTILIZER', 'OIL & GAS MARKETING COMPANIES', 'PHARMACEUTICALS', 'PROPERTY', 'TEXTILE WEAVING', 'TEXTILE COMPOSITE', 'MISCELLANEOUS', 'COMMERCIAL BANKS', 'TRANSPORT', 'EXCHANGE TRADED FUNDS', 'CABLE & ELECTRICAL GOODS', 'INV. BANKS / INV. COS. / SECURITIES COS.', 'AUTOMOBILE PARTS & ACCESSORIES', 'MODARABAS', 'CHEMICAL', 'CEMENT', 'FOOD & PERSONAL CARE PRODUCTS', 'GLASS & CERAMICS', 'ENGINEERING', 'REFINERY', 'AUTOMOBILE ASSEMBLER', 'SUGAR & ALLIED INDUSTRIES', 'SYNTHETIC & RAYON', 'LEASING COMPANIES', 'TOBACCO', 'INSURANCE', 'OIL & GAS EXPLORATION COMPANIES', 'TECHNOLOGY & COMMUNICATION', 'PAPER, BOARD & PACKAGING', 'REAL ESTATE INVESTMENT TRUST', 'POWER GENERATION & DISTRIBUTION', 'CLOSE - END MUTUAL FUND', 'VANASPATI & ALLIED INDUSTRIES', 'JUTE', 'WOOLLEN']","['KMI30', 'NBPPGI', 'KSE30', 'PSXDIV20', 'NITPGI', 'MZNPI', 'ALLSHR', 'MII30', 'ACI', 'KSE100', 'JSGBKTI', 'KSE100PR', 'OGTI', 'KMIALLSHR', 'UPP9', 'BKTI', 'JSMFI', 'HBLTTI']"
FNEL,20.19,20.68,21.60,20.01,20.95,0.76,3.76%,"44,579,133","['TEXTILE SPINNING', 'LEATHER & TANNERIES', 'FERTILIZER', 'OIL & GAS MARKETING COMPANIES', 'PHARMACEUTICALS', 'PROPERTY', 'TEXTILE WEAVING', 'TEXTILE COMPOSITE', 'MISCELLANEOUS', 'COMMERCIAL BANKS', 'TRANSPORT', 'EXCHANGE TRADED FUNDS', 'CABLE & ELECTRICAL GOODS', 'INV. BANKS / INV. COS. / SECURITIES COS.', 'AUTOMOBILE PARTS & ACCESSORIES', 'MODARABAS', 'CHEMICAL', 'CEMENT', 'FOOD & PERSONAL CARE PRODUCTS', 'GLASS & CERAMICS', 'ENGINEERING', 'REFINERY', 'AUTOMOBILE ASSEMBLER', 'SUGAR & ALLIED INDUSTRIES', 'SYNTHETIC & RAYON', 'LEASING COMPANIES', 'TOBACCO', 'INSURANCE', 'OIL & GAS EXPLORATION COMPANIES', 'TECHNOLOGY & COMMUNICATION', 'PAPER, BOARD & PACKAGING', 'REAL ESTATE INVESTMENT TRUST', 'POWER GENERATION & DISTRIBUTION', 'CLOSE - END MUTUAL FUND', 'VANASPATI & ALLIED INDUSTRIES', 'JUTE', 'WOOLLEN']","['KMI30', 'NBPPGI', 'KSE30', 'PSXDIV20', 'NITPGI', 'MZNPI', 'ALLSHR', 'MII30', 'ACI', 'KSE100', 'JSGBKTI', 'KSE100PR', 'OGTI', 'KMIALLSHR', 'UPP9', 'BKTI', 'JSMFI', 'HBLTTI']"
FDPL,6.82,6.71,7.33,6.71,7.12,0.30,4.40%,"39,944,683","['TEXTILE SPINNING', 'LEATHER & TANNERIES', 'FERTILIZER', 'OIL & GAS MARKETING COMPANIES', 'PHARMACEUTICALS', 'PROPERTY', 'TEXTILE WEAVING', 'TEXTILE COMPOSITE', 'MISCELLANEOUS', 'COMMERCIAL BANKS', 'TRANSPORT', 'EXCHANGE TRADED FUNDS', 'CABLE & ELECTRICAL GOODS', 'INV. BANKS / INV. COS. / SECURITIES COS.', 'AUTOMOBILE PARTS & ACCESSORIES', 'MODARABAS', 'CHEMICAL', 'CEMENT', 'FOOD & PERSONAL CARE PRODUCTS', 'GLASS & CERAMICS', 'ENGINEERING', 'REFINERY', 'AUTOMOBILE ASSEMBLER', 'SUGAR & ALLIED INDUSTRIES', 'SYNTHETIC & RAYON', 'LEASING COMPANIES', 'TOBACCO', 'INSURANCE', 'OIL & GAS EXPLORATION COMPANIES', 'TECHNOLOGY & COMMUNICATION', 'PAPER, BOARD & PACKAGING', 'REAL ESTATE INVESTMENT TRUST', 'POWER GENERATION & DISTRIBUTION', 'CLOSE - END MUTUAL FUND', 'VANASPATI & ALLIED INDUSTRIES', 'JUTE', 'WOOLLEN']","['KMI30', 'NBPPGI', 'KSE30', 'PSXDIV20', 'NITPGI', 'MZNPI', 'ALLSHR', 'MII30', 'ACI', 'KSE100', 'JSGBKTI', 'KSE100PR', 'OGTI', 'KMIALLSHR', 'UPP9', 'BKTI', 'JSMFI', 'HBLTTI']"
PIAHCLA,41.61,42.18,43.55,39.50,43.14,1.53,3.68%,"37,813,443","['TEXTILE SPINNING', 'LEATHER & TANNERIES', 'FERTILIZER', 'OIL & GAS MARKETING COMPANIES', 'PHARMACEUTICALS', 'PROPERTY', 'TEXTILE WEAVING', 'TEXTILE COMPOSITE', 'MISCELLANEOUS', 'COMMERCIAL BANKS', 'TRANSPORT', 'EXCHANGE TRADED FUNDS', 'CABLE & ELECTRICAL GOODS', 'INV. BANKS / INV. COS. / SECURITIES COS.', 'AUTOMOBILE PARTS & ACCESSORIES', 'MODARABAS', 'CHEMICAL', 'CEMENT', 'FOOD & PERSONAL CARE PRODUCTS', 'GLASS & CERAMICS', 'ENGINEERING', 'REFINERY', 'AUTOMOBILE ASSEMBLER', 'SUGAR & ALLIED INDUSTRIES', 'SYNTHETIC & RAYON', 'LEASING COMPANIES', 'TOBACCO', 'INSURANCE', 'OIL & GAS EXPLORATION COMPANIES', 'TECHNOLOGY & COMMUNICATION', 'PAPER, BOARD & PACKAGING', 'REAL ESTATE INVESTMENT TRUST', 'POWER GENERATION & DISTRIBUTION', 'CLOSE - END MUTUAL FUND', 'VANASPATI & ALLIED INDUSTRIES', 'JUTE', 'WOOLLEN']","['KMI30', 'NBPPGI', 'KSE30', 'PSXDIV20', 'NITPGI', 'MZNPI', 'ALLSHR', 'MII30', 'ACI', 'KSE100', 'JSGBKTI', 'KSE100PR', 'OGTI', 'KMIALLSHR', 'UPP9', 'BKTI', 'JSMFI', 'HBLTTI']"
WTL,1.83,1.88,1.88,1.82,1.84,0.01,0.55%,"35,327,078","['TEXTILE SPINNING', 'LEATHER & TANNERIES', 'FERTILIZER', 'OIL & GAS MARKETING COMPANIES', 'PHARMACEUTICALS', 'PROPERTY', 'TEXTILE WEAVING', 'TEXTILE COMPOSITE', 'MISCELLANEOUS', 'COMMERCIAL BANKS', 'TRANSPORT', 'EXCHANGE TRADED FUNDS', 'CABLE & ELECTRICAL GOODS', 'INV. BANKS / INV. COS. / SECURITIES COS.', 'AUTOMOBILE PARTS & ACCESSORIES', 'MODARABAS', 'CHEMICAL', 'CEMENT', 'FOOD & PERSONAL CARE PRODUCTS', 'GLASS & CERAMICS', 'ENGINEERING', 'REFINERY', 'AUTOMOBILE ASSEMBLER', 'SUGAR & ALLIED INDUSTRIES', 'SYNTHETIC & RAYON', 'LEASING COMPANIES', 'TOBACCO', 'INSURANCE', 'OIL & GAS EXPLORATION COMPANIES', 'TECHNOLOGY & COMMUNICATION', 'PAPER, BOARD & PACKAGING', 'REAL ESTATE INVESTMENT TRUST', 'POWER GENERATION & DISTRIBUTION', 'CLOSE - END MUTUAL FUND', 'VANASPATI & ALLIED INDUSTRIES', 'JUTE', 'WOOLLEN']","['KMI30', 'NBPPGI', 'KSE30', 'PSXDIV20', 'NITPGI', 'MZNPI', 'ALLSHR', 'MII30', 'ACI', 'KSE100', 'JSGBKTI', 'KSE100PR', 'OGTI', 'KMIALLSHR', 'UPP9', 'BKTI', 'JSMFI', 'HBLTTI']"
PTC,43.92,44.50,46.05,44.04,45.13,1.21,2.76%,"26,029,578","['TEXTILE SPINNING', 'LEATHER & TANNERIES', 'FERTILIZER', 'OIL & GAS MARKETING COMPANIES', 'PHARMACEUTICALS', 'PROPERTY', 'TEXTILE WEAVING', 'TEXTILE COMPOSITE', 'MISCELLANEOUS', 'COMMERCIAL BANKS', 'TRANSPORT', 'EXCHANGE TRADED FUNDS', 'CABLE & ELECTRICAL GOODS', 'INV. BANKS / INV. COS. / SECURITIES COS.', 'AUTOMOBILE PARTS & ACCESSORIES', 'MODARABAS', 'CHEMICAL', 'CEMENT', 'FOOD & PERSONAL CARE PRODUCTS', 'GLASS & CERAMICS', 'ENGINEERING', 'REFINERY', 'AUTOMOBILE ASSEMBLER', 'SUGAR & ALLIED INDUSTRIES', 'SYNTHETIC & RAYON', 'LEASING COMPANIES', 'TOBACCO', 'INSURANCE', 'OIL & GAS EXPLORATION COMPANIES', 'TECHNOLOGY & COMMUNICATION', 'PAPER, BOARD & PACKAGING', 'REAL ESTATE INVESTMENT TRUST', 'POWER GENERATION & DISTRIBUTION', 'CLOSE - END MUTUAL FUND', 'VANASPATI & ALLIED INDUSTRIES', 'JUTE', 'WOOLLEN']","['KMI30', 'NBPPGI', 'KSE30', 'PSXDIV20', 'NITPGI', 'MZNPI', 'ALLSHR', 'MII30', 'ACI', 'KSE100', 'JSGBKTI', 'KSE100PR', 'OGTI', 'KMIALLSHR', 'UPP9', 'BKTI', 'JSMFI', 'HBLTTI']"
CNERGY,7.73,7.86,8.04,7.75,7.86,0.13,1.68%,"22,332,759","['TEXTILE SPINNING', 'LEATHER & TANNERIES', 'FERTILIZER', 'OIL & GAS MARKETING COMPANIES', 'PHARMACEUTICALS', 'PROPERTY', 'TEXTILE WEAVING', 'TEXTILE COMPOSITE', 'MISCELLANEOUS', 'COMMERCIAL BANKS', 'TRANSPORT', 'EXCHANGE TRADED FUNDS', 'CABLE & ELECTRICAL GOODS', 'INV. BANKS / INV. COS. / SECURITIES COS.', 'AUTOMOBILE PARTS & ACCESSORIES', 'MODARABAS', 'CHEMICAL', 'CEMENT', 'FOOD & PERSONAL CARE PRODUCTS', 'GLASS & CERAMICS', 'ENGINEERING', 'REFINERY', 'AUTOMOBILE ASSEMBLER', 'SUGAR & ALLIED INDUSTRIES', 'SYNTHETIC & RAYON', 'LEASING COMPANIES', 'TOBACCO', 'INSURANCE', 'OIL & GAS EXPLORATION COMPANIES', 'TECHNOLOGY & COMMUNICATION', 'PAPER, BOARD & PACKAGING', 'REAL ESTATE INVESTMENT TRUST', 'POWER GENERATION & DISTRIBUTION', 'CLOSE - END MUTUAL FUND', 'VANASPATI & ALLIED INDUSTRIES', 'JUTE', 'WOOLLEN']","['KMI30', 'NBPPGI', 'KSE30', 'PSXDIV20', 'NITPGI', 'MZNPI', 'ALLSHR', 'MII30', 'ACI', 'KSE100', 'JSGBKTI', 'KSE100PR', 'OGTI', 'KMIALLSHR', 'UPP9', 'BKTI', 'JSMFI', 'HBLTTI']"
TPLPNC,10.72,10.68,10.79,10.45,10.53,-0.19,-1.77%,"19,289,830","['TEXTILE SPINNING', 'LEATHER & TANNERIES', 'FERTILIZER', 'OIL & GAS MARKETING COMPANIES', 'PHARMACEUTICALS', 'PROPERTY', 'TEXTILE WEAVING', 'TEXTILE COMPOSITE', 'MISCELLANEOUS', 'COMMERCIAL BANKS', 'TRANSPORT', 'EXCHANGE TRADED FUNDS', 'CABLE & ELECTRICAL GOODS', 'INV. BANKS / INV. COS. / SECURITIES COS.', 'AUTOMOBILE PARTS & ACCESSORIES', 'MODARABAS', 'CHEMICAL', 'CEMENT', 'FOOD & PERSONAL CARE PRODUCTS', 'GLASS & CERAMICS', 'ENGINEERING', 'REFINERY', 'AUTOMOBILE ASSEMBLER', 'SUGAR & ALLIED INDUSTRIES', 'SYNTHETIC & RAYON', 'LEASING COMPANIES', 'TOBACCO', 'INSURANCE', 'OIL & GAS EXPLORATION COMPANIES', 'TECHNOLOGY & COMMUNICATION', 'PAPER, BOARD & PACKAGING', 'REAL ESTATE INVESTMENT TRUST', 'POWER GENERATION & DISTRIBUTION', 'CLOSE - END MUTUAL FUND', 'VANASPATI & ALLIED INDUSTRIES', 'JUTE', 'WOOLLEN']","['KMI30', 'NBPPGI', 'KSE30', 'PSXDIV20', 'NITPGI', 'MZNPI', 'ALLSHR', 'MII30', 'ACI', 'KSE100', 'JSGBKTI', 'KSE100PR', 'OGTI', 'KMIALLSHR', 'UPP9', 'BKTI', 'JSMFI', 'HBLTTI']"
PPL,210.63,213.48,218.90,211.00,217.34,6.71,3.19%,"19,146,182","['TEXTILE SPINNING', 'LEATHER & TANNERIES', 'FERTILIZER', 'OIL & GAS MARKETING COMPANIES', 'PHARMACEUTICALS', 'PROPERTY', 'TEXTILE WEAVING', 'TEXTILE COMPOSITE', 'MISCELLANEOUS', 'COMMERCIAL BANKS', 'TRANSPORT', 'EXCHANGE TRADED FUNDS', 'CABLE & ELECTRICAL GOODS', 'INV. BANKS / INV. COS. / SECURITIES COS.', 'AUTOMOBILE PARTS & ACCESSORIES', 'MODARABAS', 'CHEMICAL', 'CEMENT', 'FOOD & PERSONAL CARE PRODUCTS', 'GLASS & CERAMICS', 'ENGINEERING', 'REFINERY', 'AUTOMOBILE ASSEMBLER', 'SUGAR & ALLIED INDUSTRIES', 'SYNTHETIC & RAYON', 'LEASING COMPANIES', 'TOBACCO', 'INSURANCE', 'OIL & GAS EXPLORATION COMPANIES', 'TECHNOLOGY & COMMUNICATION', 'PAPER, BOARD & PACKAGING', 'REAL ESTATE INVESTMENT TRUST', 'POWER GENERATION & DISTRIBUTION', 'CLOSE - END MUTUAL FUND', 'VANASPATI & ALLIED INDUSTRIES', 'JUTE', 'WOOLLEN']","['KMI30', 'NBPPGI', 'KSE30', 'PSXDIV20', 'NITPGI', 'MZNPI', 'ALLSHR', 'MII30', 'ACI', 'KSE100', 'JSGBKTI', 'KSE100PR', 'OGTI', 'KMIALLSHR', 'UPP9', 'BKTI', 'JSMFI', 'HBLTTI']"
BOP,34.60,35.00,35.00,34.10,34.19,-0.41,-1.18%,"17,743,556","['TEXTILE SPINNING', 'LEATHER & TANNERIES', 'FERTILIZER', 'OIL & GAS MARKETING COMPANIES', 'PHARMACEUTICALS', 'PROPERTY', 'TEXTILE WEAVING', 'TEXTILE COMPOSITE', 'MISCELLANEOUS', 'COMMERCIAL BANKS', 'TRANSPORT', 'EXCHANGE TRADED FUNDS', 'CABLE & ELECTRICAL GOODS', 'INV. BANKS / INV. COS. / SECURITIES COS.', 'AUTOMOBILE PARTS & ACCESSORIES', 'MODARABAS', 'CHEMICAL', 'CEMENT', 'FOOD & PERSONAL CARE PRODUCTS', 'GLASS & CERAMICS', 'ENGINEERING', 'REFINERY', 'AUTOMOBILE ASSEMBLER', 'SUGAR & ALLIED INDUSTRIES', 'SYNTHETIC & RAYON', 'LEASING COMPANIES', 'TOBACCO', 'INSURANCE', 'OIL & GAS EXPLORATION COMPANIES', 'TECHNOLOGY & COMMUNICATION', 'PAPER, BOARD & PACKAGING', 'REAL ESTATE INVESTMENT TRUST', 'POWER GENERATION & DISTRIBUTION', 'CLOSE - END MUTUAL FUND', 'VANASPATI & ALLIED INDUSTRIES', 'JUTE', 'WOOLLEN']","['KMI30', 'NBPPGI', 'KSE30', 'PSXDIV20', 'NITPGI', 'MZNPI', 'ALLSHR', 'MII30', 'ACI', 'KSE100', 'JSGBKTI', 'KSE100PR', 'OGTI', 'KMIALLSHR', 'UPP9', 'BKTI', 'JSMFI', 'HBLTTI']"
PACE,19.30,20.00,20.69,19.82,19.93,0.63,3.26%,"17,301,222",['PROPERTY'],['ALLSHR']
THCCL,83.91,85.00,91.40,84.50,87.56,3.65,4.35%,"14,472,014",['CEMENT'],['ALLSHR']
PRL,37.03,37.39,38.30,37.11,37.71,0.68,1.84%,"13,974,010",['REFINERY'],"['ALLSHR', 'KMIALLSHR', 'KSE30', 'KMI30']"
FCCL,54.11,54.60,55.59,54.10,54.63,0.52,0.96%,"12,161,044",['CEMENT'],"['KMI30', 'KSE30', 'ALLSHR', 'MII30', 'ACI', 'KSE100', 'KSE100PR', 'KMIALLSHR']"
QUICE,9.18,9.40,10.18,9.30,9.55,0.37,4.03%,"11,890,432",['FOOD & PERSONAL CARE PRODUCTS'],"['ALLSHR', 'KMIALLSHR']"
BML,5.66,5.74,5.79,5.61,5.70,0.04,0.71%,"9,004,796",['COMMERCIAL BANKS'],['ALLSHR']
SEARL,104.23,105.00,106.75,104.00,105.98,1.75,1.68%,"8,588,645",['PHARMACEUTICALS'],"['KMI30', 'KSE30', 'ALLSHR', 'MII30', 'ACI', 'KSE100', 'KSE100PR', 'KMIALLSHR']"
MLCF,104.82,106.00,107.24,104.61,105.11,0.29,0.28%,"8,064,109",['CEMENT'],"['KMI30', 'MZNPI', 'KSE30', 'ALLSHR', 'MII30', 'ACI', 'KSE100', 'KSE100PR', 'KMIALLSHR', 'JSMFI']"
PIBTL,15.43,15.52,15.64,15.17,15.23,-0.20,-1.30%,"7,980,852",['TRANSPORT'],"['KSE100', 'KMIALLSHR', 'ALLSHR', 'KSE100PR']"
SSGC,41.14,41.66,41.85,39.60,39.93,-1.21,-2.94%,"7,826,414",['OIL & GAS MARKETING COMPANIES'],"['KMI30', 'KSE30', 'ALLSHR', 'KSE100', 'KSE100PR', 'KMIALLSHR', 'JSMFI']"
NCPL,31.45,32.09,33.50,31.31,32.28,0.83,2.64%,"7,462,418",['POWER GENERATION & DISTRIBUTION'],['ALLSHR']
KEL,5.40,5.43,5.50,5.37,5.42,0.02,0.37%,"7,349,919",['POWER GENERATION & DISTRIBUTION'],"['KSE100', 'KMIALLSHR', 'ALLSHR', 'KSE100PR']"
HUBC,222.41,224.40,225.00,222.10,223.51,1.10,0.50%,"7,225,838",['POWER GENERATION & DISTRIBUTION'],"['KMI30', 'NBPPGI', 'KSE30', 'MZNPI', 'NITPGI', 'ALLSHR', 'MII30', 'KSE100', 'KSE100PR', 'PSXDIV20', 'UPP9', 'KMIALLSHR', 'JSMFI']"
HASCOLNC,13.91,14.00,14.25,13.97,14.03,0.12,0.86%,"6,935,894",['OIL & GAS MARKETING COMPANIES'],['ALLSHR']
BECO,6.74,6.95,6.95,6.72,6.75,0.01,0.15%,"6,893,157",['ENGINEERING'],"['ALLSHR', 'KMIALLSHR']"
OGDC,270.67,273.87,276.00,271.25,274.58,3.91,1.44%,"6,618,109",['OIL & GAS EXPLORATION COMPANIES'],"['KMI30', 'MZNPI', 'KSE30', 'NITPGI', 'ALLSHR', 'MII30', 'KSE100', 'KSE100PR', 'OGTI', 'PSXDIV20', 'NBPPGI', 'KMIALLSHR']"
WASL,6.61,6.89,7.20,6.70,6.96,0.35,5.30%,"6,472,229",['MODARABAS'],"['ALLSHR', 'KMIALLSHR']"
CPHL,86.43,87.51,90.49,86.00,89.70,3.27,3.78%,"6,459,147",['PHARMACEUTICALS'],"['KMI30', 'ALLSHR', 'KSE100', 'KSE100PR', 'KMIALLSHR']"
LPL,24.33,24.60,24.60,23.51,24.09,-0.24,-0.99%,"5,571,401",['POWER GENERATION & DISTRIBUTION'],['ALLSHR']
STPL,7.88,8.02,8.40,7.83,8.28,0.40,5.08%,"5,040,359",['MISCELLANEOUS'],['ALLSHR']
EPCL,32.83,32.68,33.16,31.60,31.68,-1.15,-3.50%,"4,990,626",['CHEMICAL'],"['ALLSHR', 'KMIALLSHR']"
NBPXD,215.63,217.40,217.64,213.51,214.39,-1.24,-0.57%,"4,353,297",['COMMERCIAL BANKS'],"['KSE30', 'ALLSHR', 'KSE100', 'JSGBKTI', 'KSE100PR', 'BKTI']"
NRL,428.90,440.00,447.49,432.02,434.70,5.80,1.35%,"4,047,121",['REFINERY'],"['ALLSHR', 'KMIALLSHR', 'JSMFI', 'KMI30']"
SGPL,22.59,23.00,24.00,20.56,22.71,0.12,0.53%,"4,018,763",['POWER GENERATION & DISTRIBUTION'],"['ALLSHR', 'KMIALLSHR']"
DSIL,13.46,13.84,14.14,12.90,13.12,-0.34,-2.53%,"3,853,435",['TEXTILE SPINNING'],['ALLSHR']
BBFL,53.72,53.72,54.49,48.35,53.28,-0.44,-0.82%,"3,762,021",['FOOD & PERSONAL CARE PRODUCTS'],"['ALLSHR', 'KMIALLSHR']"
PAEL,53.18,53.50,53.90,52.90,53.05,-0.13,-0.24%,"3,660,276",['CABLE & ELECTRICAL GOODS'],"['KMI30', 'KSE30', 'ALLSHR', 'MII30', 'KSE100', 'KSE100PR', 'KMIALLSHR']"
DGKC,231.25,233.00,238.65,232.01,234.21,2.96,1.28%,"3,627,742",['CEMENT'],"['KMI30', 'MZNPI', 'KSE30', 'ALLSHR', 'MII30', 'ACI', 'KSE100', 'KSE100PR', 'KMIALLSHR']"
PSO,459.83,465.00,467.51,460.70,464.64,4.81,1.05%,"3,605,630",['OIL & GAS MARKETING COMPANIES'],"['KMI30', 'MZNPI', 'KSE30', 'ALLSHR', 'MII30', 'ACI', 'KSE100', 'KSE100PR', 'NBPPGI', 'KMIALLSHR']"
TRG,76.15,76.50,77.39,75.11,75.42,-0.73,-0.96%,"3,568,746",['TECHNOLOGY & COMMUNICATION'],"['KSE100', 'ALLSHR', 'KSE100PR']"
FFC,561.42,567.01,569.00,556.00,567.45,6.03,1.07%,"3,436,193",['FERTILIZER'],"['KMI30', 'NBPPGI', 'KSE30', 'NITPGI', 'ALLSHR', 'MII30', 'KSE100', 'KSE100PR', 'PSXDIV20', 'UPP9', 'KMIALLSHR', 'JSMFI']"
TRSM,33.12,33.00,36.43,33.00,36.43,3.31,9.99%,"3,355,561",['MODARABAS'],"['ALLSHR', 'KMIALLSHR']"
TREET,31.69,32.00,32.20,31.48,31.65,-0.04,-0.13%,"3,274,062",['FOOD & PERSONAL CARE PRODUCTS'],"['ALLSHR', 'KMIALLSHR']"
KOSM,6.69,6.73,6.85,6.68,6.81,0.12,1.79%,"3,067,336",['TEXTILE SPINNING'],['ALLSHR']
NPL,41.64,41.99,44.50,40.50,41.04,-0.60,-1.44%,"2,813,244",['POWER GENERATION & DISTRIBUTION'],['ALLSHR']
AGHA,8.14,8.16,8.28,8.00,8.04,-0.10,-1.23%,"2,415,793",['ENGINEERING'],['ALLSHR']
MEBL,433.97,438.97,439.50,431.99,433.24,-0.73,-0.17%,"2,235,212",['COMMERCIAL BANKS'],"['KMI30', 'NBPPGI', 'KSE30', 'NITPGI', 'ALLSHR', 'MII30', 'KSE100', 'JSGBKTI', 'KSE100PR', 'KMIALLSHR', 'PSXDIV20', 'UPP9', 'BKTI']"
MUGHAL,83.39,83.68,85.25,82.80,84.01,0.62,0.74%,"2,229,357",['ENGINEERING'],"['ALLSHR', 'KMIALLSHR', 'ACI']"
HMB,112.00,113.00,113.00,110.00,110.94,-1.06,-0.95%,"2,225,786",['COMMERCIAL BANKS'],"['KSE100', 'ALLSHR', 'KSE100PR']"
FPJM,9.20,9.80,10.20,9.75,10.20,1.00,10.87%,"2,164,702","['TEXTILE SPINNING', 'LEATHER & TANNERIES', 'FERTILIZER', 'OIL & GAS MARKETING COMPANIES', 'PHARMACEUTICALS', 'PROPERTY', 'TEXTILE WEAVING', 'TEXTILE COMPOSITE', 'MISCELLANEOUS', 'COMMERCIAL BANKS', 'TRANSPORT', 'EXCHANGE TRADED FUNDS', 'CABLE & ELECTRICAL GOODS', 'INV. BANKS / INV. COS. / SECURITIES COS.', 'AUTOMOBILE PARTS & ACCESSORIES', 'MODARABAS', 'CHEMICAL', 'CEMENT', 'FOOD & PERSONAL CARE PRODUCTS', 'GLASS & CERAMICS', 'ENGINEERING', 'REFINERY', 'AUTOMOBILE ASSEMBLER', 'SUGAR & ALLIED INDUSTRIES', 'SYNTHETIC & RAYON', 'LEASING COMPANIES', 'TOBACCO', 'INSURANCE', 'OIL & GAS EXPLORATION COMPANIES', 'TECHNOLOGY & COMMUNICATION', 'PAPER, BOARD & PACKAGING', 'REAL ESTATE INVESTMENT TRUST', 'POWER GENERATION & DISTRIBUTION', 'CLOSE - END MUTUAL FUND', 'VANASPATI & ALLIED INDUSTRIES', 'JUTE', 'WOOLLEN']","['KMI30', 'NBPPGI', 'KSE30', 'PSXDIV20', 'NITPGI', 'MZNPI', 'ALLSHR', 'MII30', 'ACI', 'KSE100', 'JSGBKTI', 'KSE100PR', 'OGTI', 'KMIALLSHR', 'UPP9', 'BKTI', 'JSMFI', 'HBLTTI']"
HUMNL,15.77,16.00,16.33,15.60,15.94,0.17,1.08%,"2,164,498",['TECHNOLOGY & COMMUNICATION'],"['KSE100', 'ALLSHR', 'KSE100PR']"
TPLNC,7.02,7.00,7.00,6.48,6.79,-0.23,-3.28%,"2,156,687",['TECHNOLOGY & COMMUNICATION'],['ALLSHR']
SGF,120.75,124.00,126.00,115.65,117.83,-2.92,-2.42%,"2,092,512",['LEATHER & TANNERIES'],"['ALLSHR', 'KMIALLSHR']"
WAVESAPP,9.67,9.76,9.81,9.60,9.74,0.07,0.72%,"2,042,946",['CABLE & ELECTRICAL GOODS'],['ALLSHR']
BNL,132.47,132.98,133.90,127.00,128.50,-3.97,-3.00%,"2,025,359",['FOOD & PERSONAL CARE PRODUCTS'],"['ALLSHR', 'KMIALLSHR']"
FFL,18.40,18.65,18.71,18.40,18.45,0.05,0.27%,"1,995,498",['FOOD & PERSONAL CARE PRODUCTS'],"['KMI30', 'ALLSHR', 'ACI', 'KSE100', 'KSE100PR', 'KMIALLSHR']"
TSBL,37.31,37.52,41.04,37.15,41.04,3.73,10.00%,"1,988,829","['TEXTILE SPINNING', 'LEATHER & TANNERIES', 'FERTILIZER', 'OIL & GAS MARKETING COMPANIES', 'PHARMACEUTICALS', 'PROPERTY', 'TEXTILE WEAVING', 'TEXTILE COMPOSITE', 'MISCELLANEOUS', 'COMMERCIAL BANKS', 'TRANSPORT', 'EXCHANGE TRADED FUNDS', 'CABLE & ELECTRICAL GOODS', 'INV. BANKS / INV. COS. / SECURITIES COS.', 'AUTOMOBILE PARTS & ACCESSORIES', 'MODARABAS', 'CHEMICAL', 'CEMENT', 'FOOD & PERSONAL CARE PRODUCTS', 'GLASS & CERAMICS', 'ENGINEERING', 'REFINERY', 'AUTOMOBILE ASSEMBLER', 'SUGAR & ALLIED INDUSTRIES', 'SYNTHETIC & RAYON', 'LEASING COMPANIES', 'TOBACCO', 'INSURANCE', 'OIL & GAS EXPLORATION COMPANIES', 'TECHNOLOGY & COMMUNICATION', 'PAPER, BOARD & PACKAGING', 'REAL ESTATE INVESTMENT TRUST', 'POWER GENERATION & DISTRIBUTION', 'CLOSE - END MUTUAL FUND', 'VANASPATI & ALLIED INDUSTRIES', 'JUTE', 'WOOLLEN']","['KMI30', 'NBPPGI', 'KSE30', 'PSXDIV20', 'NITPGI', 'MZNPI', 'ALLSHR', 'MII30', 'ACI', 'KSE100', 'JSGBKTI', 'KSE100PR', 'OGTI', 'KMIALLSHR', 'UPP9', 'BKTI', 'JSMFI', 'HBLTTI']"
GCWL,19.64,19.79,20.17,19.34,19.70,0.06,0.31%,"1,982,442",['CHEMICAL'],"['ALLSHR', 'KMIALLSHR']"
FABL,92.64,93.02,93.50,89.80,90.77,-1.87,-2.02%,"1,958,419",['COMMERCIAL BANKS'],"['ALLSHR', 'MII30', 'KSE100', 'KSE100PR', 'PSXDIV20', 'KMIALLSHR']"
CWSMNC,39.38,38.66,43.28,38.66,42.91,3.53,8.96%,"1,911,019",['TEXTILE SPINNING'],['ALLSHR']
FATIMA,151.00,155.49,155.49,149.92,152.74,1.74,1.15%,"1,884,948",['FERTILIZER'],"['ALLSHR', 'MII30', 'KSE100', 'KSE100PR', 'PSXDIV20', 'KMIALLSHR']"
ASL,12.69,12.71,13.08,12.71,12.87,0.18,1.42%,"1,875,486",['ENGINEERING'],"['ALLSHR', 'KMIALLSHR']"
TRIPF,132.00,132.00,145.00,132.00,143.88,11.88,9.00%,"1,875,387",['MISCELLANEOUS'],['ALLSHR']
TOMCL,50.75,51.60,51.60,50.59,50.75,0.00,0.00%,"1,857,952",['FOOD & PERSONAL CARE PRODUCTS'],"['ALLSHR', 'KMIALLSHR']"
PIOC,396.46,397.00,398.90,383.00,386.85,-9.61,-2.42%,"1,816,816",['CEMENT'],"['ALLSHR', 'MII30', 'KSE100', 'KSE100PR', 'KMIALLSHR', 'JSMFI']"
PSX,42.65,42.65,43.39,42.30,42.91,0.26,0.61%,"1,794,594",['INV. BANKS / INV. COS. / SECURITIES COS.'],"['KSE100', 'ALLSHR', 'KSE100PR']"
SPLNC,120.20,129.88,132.22,108.18,110.42,-9.78,-8.14%,"1,713,686","['TEXTILE SPINNING', 'LEATHER & TANNERIES', 'FERTILIZER', 'OIL & GAS MARKETING COMPANIES', 'PHARMACEUTICALS', 'PROPERTY', 'TEXTILE WEAVING', 'TEXTILE COMPOSITE', 'MISCELLANEOUS', 'COMMERCIAL BANKS', 'TRANSPORT', 'EXCHANGE TRADED FUNDS', 'CABLE & ELECTRICAL GOODS', 'INV. BANKS / INV. COS. / SECURITIES COS.', 'AUTOMOBILE PARTS & ACCESSORIES', 'MODARABAS', 'CHEMICAL', 'CEMENT', 'FOOD & PERSONAL CARE PRODUCTS', 'GLASS & CERAMICS', 'ENGINEERING', 'REFINERY', 'AUTOMOBILE ASSEMBLER', 'SUGAR & ALLIED INDUSTRIES', 'SYNTHETIC & RAYON', 'LEASING COMPANIES', 'TOBACCO', 'INSURANCE', 'OIL & GAS EXPLORATION COMPANIES', 'TECHNOLOGY & COMMUNICATION', 'PAPER, BOARD & PACKAGING', 'REAL ESTATE INVESTMENT TRUST', 'POWER GENERATION & DISTRIBUTION', 'CLOSE - END MUTUAL FUND', 'VANASPATI & ALLIED INDUSTRIES', 'JUTE', 'WOOLLEN']","['KMI30', 'NBPPGI', 'KSE30', 'PSXDIV20', 'NITPGI', 'MZNPI', 'ALLSHR', 'MII30', 'ACI', 'KSE100', 'JSGBKTI', 'KSE100PR', 'OGTI', 'KMIALLSHR', 'UPP9', 'BKTI', 'JSMFI', 'HBLTTI']"
PASLNC,3.20,3.25,3.34,3.20,3.21,0.01,0.31%,"1,670,932",['INV. BANKS / INV. COS. / SECURITIES COS.'],['ALLSHR']
AKBL,95.30,96.00,97.52,93.75,94.16,-1.14,-1.20%,"1,599,544",['COMMERCIAL BANKS'],"['KSE100', 'ALLSHR', 'KSE100PR']"
LOTCHEM,26.30,26.85,26.85,26.05,26.31,0.01,0.04%,"1,588,408",['CHEMICAL'],"['KSE100', 'KMIALLSHR', 'ALLSHR', 'KSE100PR']"
SPWL,10.62,10.94,10.94,10.66,10.71,0.09,0.85%,"1,586,834",['POWER GENERATION & DISTRIBUTION'],"['ALLSHR', 'KMIALLSHR']"
ENGROH,215.44,217.50,217.50,213.00,215.61,0.17,0.08%,"1,567,330",['INV. BANKS / INV. COS. / SECURITIES COS.'],"['KMI30', 'NBPPGI', 'KSE30', 'MZNPI', 'NITPGI', 'ALLSHR', 'MII30', 'KSE100', 'KSE100PR', 'UPP9', 'KMIALLSHR']"
POWER,18.55,18.55,18.90,18.25,18.35,-0.20,-1.08%,"1,564,569",['CEMENT'],"['ALLSHR', 'KMIALLSHR']"
ZAL,50.76,51.50,51.85,49.45,49.52,-1.24,-2.44%,"1,552,774",['TECHNOLOGY & COMMUNICATION'],"['ALLSHR', 'KMIALLSHR']"
TCORP,23.24,25.00,25.34,20.92,21.02,-2.22,-9.55%,"1,503,098","['TEXTILE SPINNING', 'LEATHER & TANNERIES', 'FERTILIZER', 'OIL & GAS MARKETING COMPANIES', 'PHARMACEUTICALS', 'PROPERTY', 'TEXTILE WEAVING', 'TEXTILE COMPOSITE', 'MISCELLANEOUS', 'COMMERCIAL BANKS', 'TRANSPORT', 'EXCHANGE TRADED FUNDS', 'CABLE & ELECTRICAL GOODS', 'INV. BANKS / INV. COS. / SECURITIES COS.', 'AUTOMOBILE PARTS & ACCESSORIES', 'MODARABAS', 'CHEMICAL', 'CEMENT', 'FOOD & PERSONAL CARE PRODUCTS', 'GLASS & CERAMICS', 'ENGINEERING', 'REFINERY', 'AUTOMOBILE ASSEMBLER', 'SUGAR & ALLIED INDUSTRIES', 'SYNTHETIC & RAYON', 'LEASING COMPANIES', 'TOBACCO', 'INSURANCE', 'OIL & GAS EXPLORATION COMPANIES', 'TECHNOLOGY & COMMUNICATION', 'PAPER, BOARD & PACKAGING', 'REAL ESTATE INVESTMENT TRUST', 'POWER GENERATION & DISTRIBUTION', 'CLOSE - END MUTUAL FUND', 'VANASPATI & ALLIED INDUSTRIES', 'JUTE', 'WOOLLEN']","['KMI30', 'NBPPGI', 'KSE30', 'PSXDIV20', 'NITPGI', 'MZNPI', 'ALLSHR', 'MII30', 'ACI', 'KSE100', 'JSGBKTI', 'KSE100PR', 'OGTI', 'KMIALLSHR', 'UPP9', 'BKTI', 'JSMFI', 'HBLTTI']"
KTML,66.68,67.50,68.95,64.14,65.13,-1.55,-2.32%,"1,501,957",['TEXTILE COMPOSITE'],"['KSE100', 'KMIALLSHR', 'ALLSHR', 'KSE100PR']"
LUCK,471.44,478.00,478.00,468.01,475.60,4.16,0.88%,"1,475,173",['CEMENT'],"['KMI30', 'NBPPGI', 'KSE30', 'MZNPI', 'NITPGI', 'ALLSHR', 'MII30', 'ACI', 'KSE100', 'KSE100PR', 'UPP9', 'KMIALLSHR']"
BAFL,104.56,105.95,106.00,103.80,105.56,1.00,0.96%,"1,455,355",['COMMERCIAL BANKS'],"['ALLSHR', 'KSE100', 'JSGBKTI', 'KSE100PR', 'PSXDIV20', 'BKTI']"
AKDSL,34.32,34.60,35.50,34.22,35.00,0.68,1.98%,"1,386,072",['INV. BANKS / INV. COS. / SECURITIES COS.'],['ALLSHR']
GCIL,35.01,35.60,35.75,33.50,34.80,-0.21,-0.60%,"1,383,321",['CHEMICAL'],"['ALLSHR', 'KMIALLSHR']"
SYS,151.26,152.00,153.95,151.00,153.39,2.13,1.41%,"1,379,274",['TECHNOLOGY & COMMUNICATION'],"['KMI30', 'NBPPGI', 'KSE30', 'NITPGI', 'ALLSHR', 'MII30', 'KSE100', 'KSE100PR', 'UPP9', 'KMIALLSHR']"
SNBL,25.35,25.79,25.80,25.10,25.19,-0.16,-0.63%,"1,372,851",['COMMERCIAL BANKS'],['ALLSHR']
WAVES,13.09,13.25,13.35,13.09,13.18,0.09,0.69%,"1,368,480",['CABLE & ELECTRICAL GOODS'],"['ALLSHR', 'KMIALLSHR']"
SNGPXD,116.83,118.00,118.80,116.30,116.48,-0.35,-0.30%,"1,358,782",['OIL & GAS MARKETING COMPANIES'],"['KMI30', 'MZNPI', 'KSE30', 'ALLSHR', 'MII30', 'ACI', 'KSE100', 'KSE100PR', 'KMIALLSHR']"
AHCL,15.31,15.35,15.60,15.30,15.48,0.17,1.11%,"1,351,076",['FERTILIZER'],"['ALLSHR', 'PSXDIV20']"
HBL,309.70,310.70,314.57,309.77,310.08,0.38,0.12%,"1,308,006",['COMMERCIAL BANKS'],"['NBPPGI', 'KSE30', 'NITPGI', 'ALLSHR', 'KSE100', 'JSGBKTI', 'KSE100PR', 'PSXDIV20', 'UPP9', 'BKTI']"
LSECL,9.00,9.03,9.25,8.63,8.77,-0.23,-2.56%,"1,279,860",['INV. BANKS / INV. COS. / SECURITIES COS.'],['ALLSHR']
FCSC,6.75,6.84,6.95,6.60,6.82,0.07,1.04%,"1,278,048",['INV. BANKS / INV. COS. / SECURITIES COS.'],['ALLSHR']
UBL,373.90,379.98,380.00,373.00,376.35,2.45,0.66%,"1,262,768",['COMMERCIAL BANKS'],"['NBPPGI', 'KSE30', 'NITPGI', 'ALLSHR', 'KSE100', 'JSGBKTI', 'KSE100PR', 'PSXDIV20', 'UPP9', 'BKTI']"
AIRLINK,174.08,176.00,176.00,173.40,173.86,-0.22,-0.13%,"1,179,447",['TECHNOLOGY & COMMUNICATION'],"['KMI30', 'ALLSHR', 'KSE100', 'KSE100PR', 'KMIALLSHR']"
SEL,31.12,34.23,34.23,31.35,34.23,3.11,9.99%,"1,169,906",['POWER GENERATION & DISTRIBUTION'],"['ALLSHR', 'KMIALLSHR']"
EFERT,218.00,219.00,219.88,216.50,218.12,0.12,0.06%,"1,156,712",['FERTILIZER'],"['KMI30', 'NBPPGI', 'KSE30', 'NITPGI', 'ALLSHR', 'MII30', 'KSE100', 'KSE100PR', 'PSXDIV20', 'UPP9', 'KMIALLSHR']"
KOIL,34.22,34.01,35.80,33.75,34.72,0.50,1.46%,"1,156,655",['TEXTILE COMPOSITE'],['ALLSHR']
DCL,12.84,12.88,12.99,12.62,12.71,-0.13,-1.01%,"1,151,828",['CEMENT'],"['ALLSHR', 'KMIALLSHR']"
NML,149.73,151.50,152.52,149.80,150.87,1.14,0.76%,"1,142,059",['TEXTILE COMPOSITE'],"['ALLSHR', 'ACI', 'KSE100', 'KSE100PR', 'KMIALLSHR']"
SYM,13.05,13.15,13.18,12.97,13.01,-0.04,-0.31%,"1,126,452",['TECHNOLOGY & COMMUNICATION'],"['ALLSHR', 'KMIALLSHR']"
AICL,76.14,76.20,77.00,75.26,75.98,-0.16,-0.21%,"1,109,117",['INSURANCE'],"['KSE100', 'ALLSHR', 'KSE100PR']"
LSEVLXD,7.34,7.49,7.70,7.31,7.46,0.12,1.64%,"993,859",['INV. BANKS / INV. COS. / SECURITIES COS.'],['ALLSHR']
IMAGE,23.96,24.07,24.60,23.99,24.51,0.55,2.30%,"945,078",['SYNTHETIC & RAYON'],"['ALLSHR', 'KMIALLSHR', 'PSXDIV20']"
UNITY,21.67,21.90,22.00,21.65,21.79,0.12,0.55%,"940,985",['FOOD & PERSONAL CARE PRODUCTS'],"['KSE100', 'ALLSHR', 'KSE100PR', 'ACI']"
SMLNC,68.10,73.80,74.91,68.10,74.91,6.81,10.00%,"938,656","['TEXTILE SPINNING', 'LEATHER & TANNERIES', 'FERTILIZER', 'OIL & GAS MARKETING COMPANIES', 'PHARMACEUTICALS', 'PROPERTY', 'TEXTILE WEAVING', 'TEXTILE COMPOSITE', 'MISCELLANEOUS', 'COMMERCIAL BANKS', 'TRANSPORT', 'EXCHANGE TRADED FUNDS', 'CABLE & ELECTRICAL GOODS', 'INV. BANKS / INV. COS. / SECURITIES COS.', 'AUTOMOBILE PARTS & ACCESSORIES', 'MODARABAS', 'CHEMICAL', 'CEMENT', 'FOOD & PERSONAL CARE PRODUCTS', 'GLASS & CERAMICS', 'ENGINEERING', 'REFINERY', 'AUTOMOBILE ASSEMBLER', 'SUGAR & ALLIED INDUSTRIES', 'SYNTHETIC & RAYON', 'LEASING COMPANIES', 'TOBACCO', 'INSURANCE', 'OIL & GAS EXPLORATION COMPANIES', 'TECHNOLOGY & COMMUNICATION', 'PAPER, BOARD & PACKAGING', 'REAL ESTATE INVESTMENT TRUST', 'POWER GENERATION & DISTRIBUTION', 'CLOSE - END MUTUAL FUND', 'VANASPATI & ALLIED INDUSTRIES', 'JUTE', 'WOOLLEN']","['KMI30', 'NBPPGI', 'KSE30', 'PSXDIV20', 'NITPGI', 'MZNPI', 'ALLSHR', 'MII30', 'ACI', 'KSE100', 'JSGBKTI', 'KSE100PR', 'OGTI', 'KMIALLSHR', 'UPP9', 'BKTI', 'JSMFI', 'HBLTTI']"
AVN,43.11,43.80,43.80,42.70,43.01,-0.10,-0.23%,"900,740",['TECHNOLOGY & COMMUNICATION'],"['ALLSHR', 'KMIALLSHR']"
LOADS,18.00,18.11,18.35,17.93,17.99,-0.01,-0.06%,"896,899",['AUTOMOBILE PARTS & ACCESSORIES'],"['ALLSHR', 'KMIALLSHR']"
CHCC,330.37,331.10,337.90,330.12,336.52,6.15,1.86%,"823,350",['CEMENT'],"['ALLSHR', 'MII30', 'KSE100', 'KSE100PR', 'KMIALLSHR']"
DFMLNC,23.69,24.20,24.20,23.71,23.90,0.21,0.89%,"810,780",['AUTOMOBILE ASSEMBLER'],['ALLSHR']
TPLI,20.98,21.35,23.08,20.20,22.67,1.69,8.06%,"775,487",['INSURANCE'],['ALLSHR']
CEPB,31.51,32.01,32.05,30.80,30.99,-0.52,-1.65%,"768,472","['PAPER, BOARD & PACKAGING']","['ALLSHR', 'KMIALLSHR']"
FCL,23.44,23.40,23.77,23.40,23.64,0.20,0.85%,"757,186",['CABLE & ELECTRICAL GOODS'],"['ALLSHR', 'KMIALLSHR']"
KHTC,413.24,410.01,434.99,390.00,420.78,7.54,1.83%,"741,738",['TOBACCO'],['ALLSHR']
BFAGRO,40.48,40.98,42.00,40.48,41.07,0.59,1.46%,"741,685",['FOOD & PERSONAL CARE PRODUCTS'],"['ALLSHR', 'KMIALLSHR']"
LIVEN,51.11,51.49,53.90,51.46,52.99,1.88,3.68%,"741,642",['PHARMACEUTICALS'],"['ALLSHR', 'KMIALLSHR']"
OBOYNC,9.39,9.68,9.70,9.30,9.34,-0.05,-0.53%,"712,104",['OIL & GAS MARKETING COMPANIES'],"['ALLSHR', 'KMIALLSHR']"
AGP,187.70,188.00,196.00,187.00,191.24,3.54,1.89%,"700,928",['PHARMACEUTICALS'],"['KSE100', 'KMIALLSHR', 'ALLSHR', 'KSE100PR']"
SLGL,20.09,20.45,20.45,20.03,20.18,0.09,0.45%,"680,855",['TRANSPORT'],"['ALLSHR', 'KMIALLSHR']"
KOHC,103.97,104.90,105.00,102.00,103.67,-0.30,-0.29%,"680,636",['CEMENT'],"['ALLSHR', 'MII30', 'KSE100', 'KSE100PR', 'KMIALLSHR']"
MARI,703.10,710.00,710.80,701.26,704.53,1.43,0.20%,"677,459",['OIL & GAS EXPLORATION COMPANIES'],"['KMI30', 'MZNPI', 'KSE30', 'NITPGI', 'ALLSHR', 'MII30', 'KSE100', 'KSE100PR', 'OGTI', 'NBPPGI', 'KMIALLSHR']"
GHGL,34.20,34.70,35.60,34.10,35.09,0.89,2.60%,"676,475",['GLASS & CERAMICS'],"['KSE100', 'KMIALLSHR', 'ALLSHR', 'KSE100PR']"
SBL,11.46,12.61,12.61,12.61,12.61,1.15,10.04%,"654,186","['TEXTILE SPINNING', 'LEATHER & TANNERIES', 'FERTILIZER', 'OIL & GAS MARKETING COMPANIES', 'PHARMACEUTICALS', 'PROPERTY', 'TEXTILE WEAVING', 'TEXTILE COMPOSITE', 'MISCELLANEOUS', 'COMMERCIAL BANKS', 'TRANSPORT', 'EXCHANGE TRADED FUNDS', 'CABLE & ELECTRICAL GOODS', 'INV. BANKS / INV. COS. / SECURITIES COS.', 'AUTOMOBILE PARTS & ACCESSORIES', 'MODARABAS', 'CHEMICAL', 'CEMENT', 'FOOD & PERSONAL CARE PRODUCTS', 'GLASS & CERAMICS', 'ENGINEERING', 'REFINERY', 'AUTOMOBILE ASSEMBLER', 'SUGAR & ALLIED INDUSTRIES', 'SYNTHETIC & RAYON', 'LEASING COMPANIES', 'TOBACCO', 'INSURANCE', 'OIL & GAS EXPLORATION COMPANIES', 'TECHNOLOGY & COMMUNICATION', 'PAPER, BOARD & PACKAGING', 'REAL ESTATE INVESTMENT TRUST', 'POWER GENERATION & DISTRIBUTION', 'CLOSE - END MUTUAL FUND', 'VANASPATI & ALLIED INDUSTRIES', 'JUTE', 'WOOLLEN']","['KMI30', 'NBPPGI', 'KSE30', 'PSXDIV20', 'NITPGI', 'MZNPI', 'ALLSHR', 'MII30', 'ACI', 'KSE100', 'JSGBKTI', 'KSE100PR', 'OGTI', 'KMIALLSHR', 'UPP9', 'BKTI', 'JSMFI', 'HBLTTI']"
DWTMWU,6.79,6.89,6.89,5.79,6.09,-0.70,-10.31%,"630,880","['TEXTILE SPINNING', 'LEATHER & TANNERIES', 'FERTILIZER', 'OIL & GAS MARKETING COMPANIES', 'PHARMACEUTICALS', 'PROPERTY', 'TEXTILE WEAVING', 'TEXTILE COMPOSITE', 'MISCELLANEOUS', 'COMMERCIAL BANKS', 'TRANSPORT', 'EXCHANGE TRADED FUNDS', 'CABLE & ELECTRICAL GOODS', 'INV. BANKS / INV. COS. / SECURITIES COS.', 'AUTOMOBILE PARTS & ACCESSORIES', 'MODARABAS', 'CHEMICAL', 'CEMENT', 'FOOD & PERSONAL CARE PRODUCTS', 'GLASS & CERAMICS', 'ENGINEERING', 'REFINERY', 'AUTOMOBILE ASSEMBLER', 'SUGAR & ALLIED INDUSTRIES', 'SYNTHETIC & RAYON', 'LEASING COMPANIES', 'TOBACCO', 'INSURANCE', 'OIL & GAS EXPLORATION COMPANIES', 'TECHNOLOGY & COMMUNICATION', 'PAPER, BOARD & PACKAGING', 'REAL ESTATE INVESTMENT TRUST', 'POWER GENERATION & DISTRIBUTION', 'CLOSE - END MUTUAL FUND', 'VANASPATI & ALLIED INDUSTRIES', 'JUTE', 'WOOLLEN']","['KMI30', 'NBPPGI', 'KSE30', 'PSXDIV20', 'NITPGI', 'MZNPI', 'ALLSHR', 'MII30', 'ACI', 'KSE100', 'JSGBKTI', 'KSE100PR', 'OGTI', 'KMIALLSHR', 'UPP9', 'BKTI', 'JSMFI', 'HBLTTI']"
GGL,26.12,26.20,26.40,25.60,25.99,-0.13,-0.50%,"630,301",['CHEMICAL'],"['ALLSHR', 'KMIALLSHR']"
TBL,11.99,12.10,12.15,12.00,12.02,0.03,0.25%,"625,586",['AUTOMOBILE PARTS & ACCESSORIES'],"['ALLSHR', 'KMIALLSHR']"
DNCC,24.72,24.75,24.95,23.15,24.00,-0.72,-2.91%,"619,979",['CEMENT'],"['ALLSHR', 'KMIALLSHR']"
AMTEXNC,4.41,4.54,4.60,4.30,4.44,0.03,0.68%,"606,308",['TEXTILE SPINNING'],['ALLSHR']
DSLNC,7.60,7.46,7.90,7.46,7.74,0.14,1.84%,"599,063",['ENGINEERING'],['ALLSHR']
ICIBL,5.66,5.85,5.85,5.50,5.59,-0.07,-1.24%,"595,457",['INV. BANKS / INV. COS. / SECURITIES COS.'],['ALLSHR']
ATRL,660.80,664.00,669.00,658.30,661.34,0.54,0.08%,"559,349",['REFINERY'],"['KMI30', 'MZNPI', 'KSE30', 'ALLSHR', 'MII30', 'KSE100', 'KSE100PR', 'KMIALLSHR', 'JSMFI']"
JSCLPSA,10.00,10.25,10.25,9.80,10.00,0.00,0.00%,"558,012",['INV. BANKS / INV. COS. / SECURITIES COS.'],['ALLSHR']
UCAPM,6.69,6.75,7.09,6.51,6.62,-0.07,-1.05%,"546,626",['MODARABAS'],"['ALLSHR', 'KMIALLSHR']"
KSBP,215.48,217.00,220.80,211.20,212.59,-2.89,-1.34%,"524,331",['ENGINEERING'],"['ALLSHR', 'KMIALLSHR']"
MZNPETF,20.26,20.30,20.83,20.30,20.68,0.42,2.07%,"524,000",['EXCHANGE TRADED FUNDS'],[]
MWMP,86.53,87.00,92.00,85.00,89.01,2.48,2.87%,"520,162",['MISCELLANEOUS'],"['ALLSHR', 'KMIALLSHR']"
HIRATNC,4.85,5.03,5.03,4.80,4.81,-0.04,-0.83%,"509,003",['TEXTILE SPINNING'],['ALLSHR']
PAKRI,16.10,16.20,16.64,16.00,16.04,-0.06,-0.37%,"492,519",['INSURANCE'],['ALLSHR']
DCR,33.64,34.00,34.10,33.50,33.67,0.03,0.09%,"492,341",['REAL ESTATE INVESTMENT TRUST'],"['KSE100', 'KMIALLSHR', 'ALLSHR', 'KSE100PR']"
MCB,359.98,360.10,365.00,355.11,357.61,-2.37,-0.66%,"471,317",['COMMERCIAL BANKS'],"['KSE30', 'NITPGI', 'ALLSHR', 'KSE100', 'JSGBKTI', 'KSE100PR', 'PSXDIV20', 'NBPPGI', 'BKTI']"
FECTC,149.86,152.00,155.00,151.01,151.51,1.65,1.10%,"460,257",['CEMENT'],"['ALLSHR', 'KMIALLSHR']"
IMS,21.65,21.50,22.00,21.04,21.71,0.06,0.28%,"453,338",['INV. BANKS / INV. COS. / SECURITIES COS.'],['ALLSHR']
ILP,76.19,76.52,77.99,76.00,76.64,0.45,0.59%,"452,770",['TEXTILE COMPOSITE'],"['ALLSHR', 'ACI', 'KSE100', 'KSE100PR', 'KMIALLSHR']"
ESBL,16.50,17.80,17.80,16.55,17.00,0.50,3.03%,"452,031",['INV. BANKS / INV. COS. / SECURITIES COS.'],['ALLSHR']
PREMA,39.45,40.00,40.00,39.30,39.35,-0.10,-0.25%,"432,879",['FOOD & PERSONAL CARE PRODUCTS'],"['ALLSHR', 'KMIALLSHR']"
ICCI,13.49,13.89,13.89,13.30,13.30,-0.19,-1.41%,"430,546",['TEXTILE WEAVING'],"['ALLSHR', 'KMIALLSHR']"
STCL,15.23,15.70,15.70,14.71,14.81,-0.42,-2.76%,"418,592",['GLASS & CERAMICS'],"['ALLSHR', 'KMIALLSHR']"
KAPCO,30.90,31.45,31.45,30.01,30.56,-0.34,-1.10%,"411,869",['POWER GENERATION & DISTRIBUTION'],"['KSE100', 'ALLSHR', 'KSE100PR']"
IBLHL,58.01,58.29,58.80,57.90,58.11,0.10,0.17%,"411,409",['PHARMACEUTICALS'],"['ALLSHR', 'KMIALLSHR']"
BIPL,32.07,32.20,32.50,32.00,32.03,-0.04,-0.12%,"408,411",['COMMERCIAL BANKS'],"['ALLSHR', 'KMIALLSHR', 'PSXDIV20']"
NRSL,32.38,33.25,34.25,32.06,32.59,0.21,0.65%,"371,500",['CHEMICAL'],"['ALLSHR', 'KMIALLSHR']"
BAHL,183.08,184.32,186.00,182.30,183.22,0.14,0.08%,"348,457",['COMMERCIAL BANKS'],"['KSE30', 'NITPGI', 'ALLSHR', 'KSE100', 'JSGBKTI', 'KSE100PR', 'PSXDIV20', 'NBPPGI', 'BKTI']"
ACPL,283.49,277.00,292.00,277.00,289.93,6.44,2.27%,"325,984",['CEMENT'],"['ALLSHR', 'KMIALLSHR']"
MDTLNC,4.20,4.24,4.34,4.19,4.20,0.00,0.00%,"319,836",['TECHNOLOGY & COMMUNICATION'],['ALLSHR']
LCI,298.84,302.99,303.00,295.50,296.22,-2.62,-0.88%,"312,303",['CHEMICAL'],"['ALLSHR', 'MII30', 'KSE100', 'KSE100PR', 'KMIALLSHR']"
GAL,555.71,556.50,560.13,553.11,557.17,1.46,0.26%,"307,575",['AUTOMOBILE ASSEMBLER'],"['KMI30', 'MZNPI', 'KSE30', 'ALLSHR', 'KSE100', 'KSE100PR', 'KMIALLSHR']"
DEL,22.85,22.52,25.14,22.40,25.14,2.29,10.02%,"293,179","['TEXTILE SPINNING', 'LEATHER & TANNERIES', 'FERTILIZER', 'OIL & GAS MARKETING COMPANIES', 'PHARMACEUTICALS', 'PROPERTY', 'TEXTILE WEAVING', 'TEXTILE COMPOSITE', 'MISCELLANEOUS', 'COMMERCIAL BANKS', 'TRANSPORT', 'EXCHANGE TRADED FUNDS', 'CABLE & ELECTRICAL GOODS', 'INV. BANKS / INV. COS. / SECURITIES COS.', 'AUTOMOBILE PARTS & ACCESSORIES', 'MODARABAS', 'CHEMICAL', 'CEMENT', 'FOOD & PERSONAL CARE PRODUCTS', 'GLASS & CERAMICS', 'ENGINEERING', 'REFINERY', 'AUTOMOBILE ASSEMBLER', 'SUGAR & ALLIED INDUSTRIES', 'SYNTHETIC & RAYON', 'LEASING COMPANIES', 'TOBACCO', 'INSURANCE', 'OIL & GAS EXPLORATION COMPANIES', 'TECHNOLOGY & COMMUNICATION', 'PAPER, BOARD & PACKAGING', 'REAL ESTATE INVESTMENT TRUST', 'POWER GENERATION & DISTRIBUTION', 'CLOSE - END MUTUAL FUND', 'VANASPATI & ALLIED INDUSTRIES', 'JUTE', 'WOOLLEN']","['KMI30', 'NBPPGI', 'KSE30', 'PSXDIV20', 'NITPGI', 'MZNPI', 'ALLSHR', 'MII30', 'ACI', 'KSE100', 'JSGBKTI', 'KSE100PR', 'OGTI', 'KMIALLSHR', 'UPP9', 'BKTI', 'JSMFI', 'HBLTTI']"
JSBL,17.02,17.00,17.20,16.56,17.04,0.02,0.12%,"290,169",['COMMERCIAL BANKS'],['ALLSHR']
INDU,"1,985.43","1,998.00","2,014.00","1,980.00","1,988.98",3.55,0.18%,"290,047",['AUTOMOBILE ASSEMBLER'],"['KSE100', 'ALLSHR', 'KSE100PR']"
MIIETF,16.95,16.94,17.49,16.94,17.27,0.32,1.89%,"285,500",['EXCHANGE TRADED FUNDS'],[]
KML,13.85,14.49,14.49,13.00,13.70,-0.15,-1.08%,"275,669",['TEXTILE COMPOSITE'],"['ALLSHR', 'KMIALLSHR']"
GGGL,10.60,10.75,10.75,10.26,10.52,-0.08,-0.75%,"270,160",['GLASS & CERAMICS'],"['ALLSHR', 'KMIALLSHR']"
IREIT,9.72,9.72,9.85,9.72,9.78,0.06,0.62%,"262,927",['REAL ESTATE INVESTMENT TRUST'],"['ALLSHR', 'KMIALLSHR']"
YOUW,5.39,5.70,5.70,5.40,5.47,0.08,1.48%,"261,919",['TEXTILE WEAVING'],"['KSE100', 'KMIALLSHR', 'ALLSHR', 'KSE100PR']"
TATM,172.46,174.00,183.00,171.60,172.75,0.29,0.17%,"260,895",['TEXTILE SPINNING'],"['ALLSHR', 'KMIALLSHR']"
TSMF,13.64,12.82,15.00,12.82,14.40,0.76,5.57%,"256,799",['CLOSE - END MUTUAL FUND'],['ALLSHR']
ALAC,11.68,11.69,11.81,11.50,11.53,-0.15,-1.28%,"249,994",['INSURANCE'],['ALLSHR']
EPQL,30.46,30.98,31.00,30.30,30.91,0.45,1.48%,"238,963",['POWER GENERATION & DISTRIBUTION'],"['ALLSHR', 'KMIALLSHR']"
GWLC,63.75,64.22,65.30,63.82,64.19,0.44,0.69%,"238,603",['CEMENT'],"['ALLSHR', 'KMIALLSHR']"
ANL,11.33,11.50,11.60,11.30,11.36,0.03,0.27%,"231,082",['TEXTILE COMPOSITE'],"['ALLSHR', 'KMIALLSHR']"
ITTEFAQ,8.96,9.20,9.20,8.90,9.11,0.15,1.67%,"225,524",['ENGINEERING'],"['ALLSHR', 'KMIALLSHR']"
UDLI,16.90,16.00,17.30,16.00,16.58,-0.32,-1.89%,"220,782",['MISCELLANEOUS'],"['ALLSHR', 'KMIALLSHR']"
BFBIO,152.40,153.50,154.89,152.00,152.32,-0.08,-0.05%,"211,037",['PHARMACEUTICALS'],"['ALLSHR', 'KMIALLSHR']"
HTL,52.85,53.60,54.50,52.50,54.21,1.36,2.57%,"209,766",['OIL & GAS MARKETING COMPANIES'],"['ALLSHR', 'KMIALLSHR']"
ORM,11.64,11.40,11.80,11.40,11.62,-0.02,-0.17%,"209,010",['MODARABAS'],"['ALLSHR', 'KMIALLSHR']"
CRTM,26.67,26.61,27.44,26.30,26.59,-0.08,-0.30%,"203,814",['TEXTILE COMPOSITE'],"['ALLSHR', 'KMIALLSHR']"
786,12.69,12.99,13.48,12.22,13.26,0.57,4.49%,"203,695",['INV. BANKS / INV. COS. / SECURITIES COS.'],['ALLSHR']
GHNI,832.46,842.00,842.00,830.11,835.01,2.55,0.31%,"199,474",['AUTOMOBILE ASSEMBLER'],"['KMI30', 'KSE30', 'ALLSHR', 'KSE100', 'KSE100PR', 'KMIALLSHR']"
MACFL,24.58,24.95,25.00,24.50,24.69,0.11,0.45%,"196,614","['PAPER, BOARD & PACKAGING']","['ALLSHR', 'KMIALLSHR']"
ICL,163.79,168.49,171.25,162.50,164.55,0.76,0.46%,"195,319",['CHEMICAL'],"['ALLSHR', 'KMIALLSHR']"
BRRGXD,40.00,40.59,44.00,40.00,43.14,3.14,7.85%,"191,460",['PROPERTY'],"['ALLSHR', 'KMIALLSHR']"
SPEL,55.02,55.81,56.99,55.16,55.27,0.25,0.45%,"189,042","['PAPER, BOARD & PACKAGING']","['ALLSHR', 'KMIALLSHR']"
BAPL,44.37,44.35,45.35,42.11,42.53,-1.84,-4.15%,"186,660",['CHEMICAL'],['ALLSHR']
DBCINC,7.05,7.28,7.28,7.00,7.03,-0.02,-0.28%,"185,349",['CEMENT'],['ALLSHR']
FEM,16.78,16.99,17.00,15.10,15.88,-0.90,-5.36%,"183,083","['TEXTILE SPINNING', 'LEATHER & TANNERIES', 'FERTILIZER', 'OIL & GAS MARKETING COMPANIES', 'PHARMACEUTICALS', 'PROPERTY', 'TEXTILE WEAVING', 'TEXTILE COMPOSITE', 'MISCELLANEOUS', 'COMMERCIAL BANKS', 'TRANSPORT', 'EXCHANGE TRADED FUNDS', 'CABLE & ELECTRICAL GOODS', 'INV. BANKS / INV. COS. / SECURITIES COS.', 'AUTOMOBILE PARTS & ACCESSORIES', 'MODARABAS', 'CHEMICAL', 'CEMENT', 'FOOD & PERSONAL CARE PRODUCTS', 'GLASS & CERAMICS', 'ENGINEERING', 'REFINERY', 'AUTOMOBILE ASSEMBLER', 'SUGAR & ALLIED INDUSTRIES', 'SYNTHETIC & RAYON', 'LEASING COMPANIES', 'TOBACCO', 'INSURANCE', 'OIL & GAS EXPLORATION COMPANIES', 'TECHNOLOGY & COMMUNICATION', 'PAPER, BOARD & PACKAGING', 'REAL ESTATE INVESTMENT TRUST', 'POWER GENERATION & DISTRIBUTION', 'CLOSE - END MUTUAL FUND', 'VANASPATI & ALLIED INDUSTRIES', 'JUTE', 'WOOLLEN']","['KMI30', 'NBPPGI', 'KSE30', 'PSXDIV20', 'NITPGI', 'MZNPI', 'ALLSHR', 'MII30', 'ACI', 'KSE100', 'JSGBKTI', 'KSE100PR', 'OGTI', 'KMIALLSHR', 'UPP9', 'BKTI', 'JSMFI', 'HBLTTI']"
FANM,8.62,8.84,8.86,8.12,8.40,-0.22,-2.55%,"181,431",['MODARABAS'],"['ALLSHR', 'KMIALLSHR']"
TGL,201.58,203.48,206.24,200.12,203.17,1.59,0.79%,"177,090",['GLASS & CERAMICS'],"['KSE100', 'KMIALLSHR', 'ALLSHR', 'KSE100PR']"
GATM,27.50,28.10,28.10,27.30,27.61,0.11,0.40%,"176,010",['TEXTILE COMPOSITE'],"['ALLSHR', 'KMIALLSHR', 'ACI']"
HWQSNC,23.15,23.25,23.90,22.80,23.32,0.17,0.73%,"175,983",['SUGAR & ALLIED INDUSTRIES'],['ALLSHR']
ALTN,10.87,10.98,10.98,10.82,10.88,0.01,0.09%,"174,116",['POWER GENERATION & DISTRIBUTION'],['ALLSHR']
DHPL,55.23,56.00,56.00,55.10,55.52,0.29,0.53%,"172,109",['INV. BANKS / INV. COS. / SECURITIES COS.'],"['KSE100', 'ALLSHR', 'KSE100PR']"
NETSOL,128.99,129.99,130.94,128.50,129.68,0.69,0.53%,"171,162",['TECHNOLOGY & COMMUNICATION'],"['ALLSHR', 'KMIALLSHR']"
POL,615.08,623.00,623.00,615.00,616.00,0.92,0.15%,"171,014",['OIL & GAS EXPLORATION COMPANIES'],"['KSE30', 'ALLSHR', 'KSE100', 'KSE100PR', 'PSXDIV20']"
DOL,34.46,35.00,35.00,34.00,34.20,-0.26,-0.75%,"168,359",['CHEMICAL'],"['ALLSHR', 'KMIALLSHR']"
AGL,69.82,70.32,70.44,68.50,69.31,-0.51,-0.73%,"167,852",['FERTILIZER'],['ALLSHR']
FFLM,9.73,9.73,10.40,9.54,10.04,0.31,3.19%,"158,149",['MODARABAS'],"['ALLSHR', 'KMIALLSHR']"
SHFA,511.00,512.00,533.30,512.00,527.91,16.91,3.31%,"156,755",['MISCELLANEOUS'],"['KSE100', 'KMIALLSHR', 'ALLSHR', 'KSE100PR']"
RPL,17.23,17.65,17.68,17.30,17.41,0.18,1.05%,"151,829","['PAPER, BOARD & PACKAGING']","['ALLSHR', 'KMIALLSHR']"
KOHE,18.01,17.73,18.41,17.00,17.76,-0.25,-1.39%,"147,511",['POWER GENERATION & DISTRIBUTION'],"['ALLSHR', 'KMIALLSHR']"
BNWM,77.95,80.90,80.90,70.60,72.52,-5.43,-6.97%,"142,626","['TEXTILE SPINNING', 'LEATHER & TANNERIES', 'FERTILIZER', 'OIL & GAS MARKETING COMPANIES', 'PHARMACEUTICALS', 'PROPERTY', 'TEXTILE WEAVING', 'TEXTILE COMPOSITE', 'MISCELLANEOUS', 'COMMERCIAL BANKS', 'TRANSPORT', 'EXCHANGE TRADED FUNDS', 'CABLE & ELECTRICAL GOODS', 'INV. BANKS / INV. COS. / SECURITIES COS.', 'AUTOMOBILE PARTS & ACCESSORIES', 'MODARABAS', 'CHEMICAL', 'CEMENT', 'FOOD & PERSONAL CARE PRODUCTS', 'GLASS & CERAMICS', 'ENGINEERING', 'REFINERY', 'AUTOMOBILE ASSEMBLER', 'SUGAR & ALLIED INDUSTRIES', 'SYNTHETIC & RAYON', 'LEASING COMPANIES', 'TOBACCO', 'INSURANCE', 'OIL & GAS EXPLORATION COMPANIES', 'TECHNOLOGY & COMMUNICATION', 'PAPER, BOARD & PACKAGING', 'REAL ESTATE INVESTMENT TRUST', 'POWER GENERATION & DISTRIBUTION', 'CLOSE - END MUTUAL FUND', 'VANASPATI & ALLIED INDUSTRIES', 'JUTE', 'WOOLLEN']","['KMI30', 'NBPPGI', 'KSE30', 'PSXDIV20', 'NITPGI', 'MZNPI', 'ALLSHR', 'MII30', 'ACI', 'KSE100', 'JSGBKTI', 'KSE100PR', 'OGTI', 'KMIALLSHR', 'UPP9', 'BKTI', 'JSMFI', 'HBLTTI']"
ISL,95.15,96.50,96.50,94.90,95.90,0.75,0.79%,"137,424",['ENGINEERING'],"['ALLSHR', 'ACI', 'KSE100', 'KSE100PR', 'KMIALLSHR']"
PINL,10.51,10.90,11.00,10.30,10.64,0.13,1.24%,"135,537",['INSURANCE'],['ALLSHR']
SINDM,21.85,23.19,24.04,23.00,24.04,2.19,10.02%,"135,431","['TEXTILE SPINNING', 'LEATHER & TANNERIES', 'FERTILIZER', 'OIL & GAS MARKETING COMPANIES', 'PHARMACEUTICALS', 'PROPERTY', 'TEXTILE WEAVING', 'TEXTILE COMPOSITE', 'MISCELLANEOUS', 'COMMERCIAL BANKS', 'TRANSPORT', 'EXCHANGE TRADED FUNDS', 'CABLE & ELECTRICAL GOODS', 'INV. BANKS / INV. COS. / SECURITIES COS.', 'AUTOMOBILE PARTS & ACCESSORIES', 'MODARABAS', 'CHEMICAL', 'CEMENT', 'FOOD & PERSONAL CARE PRODUCTS', 'GLASS & CERAMICS', 'ENGINEERING', 'REFINERY', 'AUTOMOBILE ASSEMBLER', 'SUGAR & ALLIED INDUSTRIES', 'SYNTHETIC & RAYON', 'LEASING COMPANIES', 'TOBACCO', 'INSURANCE', 'OIL & GAS EXPLORATION COMPANIES', 'TECHNOLOGY & COMMUNICATION', 'PAPER, BOARD & PACKAGING', 'REAL ESTATE INVESTMENT TRUST', 'POWER GENERATION & DISTRIBUTION', 'CLOSE - END MUTUAL FUND', 'VANASPATI & ALLIED INDUSTRIES', 'JUTE', 'WOOLLEN']","['KMI30', 'NBPPGI', 'KSE30', 'PSXDIV20', 'NITPGI', 'MZNPI', 'ALLSHR', 'MII30', 'ACI', 'KSE100', 'JSGBKTI', 'KSE100PR', 'OGTI', 'KMIALLSHR', 'UPP9', 'BKTI', 'JSMFI', 'HBLTTI']"
ASTL,22.80,23.00,23.00,22.40,22.46,-0.34,-1.49%,"134,279",['ENGINEERING'],['ALLSHR']
LIVENR,37.65,37.50,38.80,37.50,38.34,0.69,1.83%,"130,975",['PHARMACEUTICALS'],['ALLSHR']
HCAR,280.05,281.50,282.00,279.00,279.34,-0.71,-0.25%,"127,357",['AUTOMOBILE ASSEMBLER'],"['KSE100', 'KMIALLSHR', 'ALLSHR', 'KSE100PR']"
FCELNC,6.16,5.99,6.30,5.61,6.16,0.00,0.00%,"124,329",['INV. BANKS / INV. COS. / SECURITIES COS.'],['ALLSHR']
KSTMNC,14.00,14.50,14.50,13.52,14.15,0.15,1.07%,"120,287",['TEXTILE SPINNING'],['ALLSHR']
WAFI,195.93,197.00,203.50,196.55,202.20,6.27,3.20%,"119,313",['OIL & GAS MARKETING COMPANIES'],"['ALLSHR', 'KMIALLSHR']"
CLOV,39.77,39.98,40.60,38.51,39.35,-0.42,-1.06%,"112,010",['FOOD & PERSONAL CARE PRODUCTS'],"['ALLSHR', 'KMIALLSHR']"
CHBL,11.31,11.20,11.58,11.00,11.25,-0.06,-0.53%,"108,957",['TEXTILE COMPOSITE'],['ALLSHR']
AGSML,9.09,9.24,9.24,9.00,9.00,-0.09,-0.99%,"106,769",['SUGAR & ALLIED INDUSTRIES'],['ALLSHR']
MERIT,13.22,13.14,13.60,13.05,13.10,-0.12,-0.91%,"106,532","['PAPER, BOARD & PACKAGING']","['ALLSHR', 'KMIALLSHR']"
CSIL,4.94,5.00,5.03,4.93,4.94,0.00,0.00%,"104,796",['INSURANCE'],['ALLSHR']
TPLRF1,10.93,11.05,11.22,10.70,10.90,-0.03,-0.27%,"99,945",['REAL ESTATE INVESTMENT TRUST'],"['KSE100', 'KMIALLSHR', 'ALLSHR', 'KSE100PR']"
PNSC,450.53,450.51,455.00,445.00,450.73,0.20,0.04%,"98,547",['TRANSPORT'],['ALLSHR']
IPAKXB,24.80,24.62,25.04,24.60,24.94,0.14,0.57%,"95,248","['PAPER, BOARD & PACKAGING']","['ALLSHR', 'KMIALLSHR']"
TPLT,6.98,7.10,7.10,6.90,6.91,-0.07,-1.00%,"93,828",['TECHNOLOGY & COMMUNICATION'],"['ALLSHR', 'KMIALLSHR']"
SARC,73.63,75.99,80.99,74.00,77.88,4.25,5.77%,"93,277",['CHEMICAL'],"['ALLSHR', 'KMIALLSHR']"
ASCNC,13.80,13.96,14.10,13.80,13.81,0.01,0.07%,"93,145",['FOOD & PERSONAL CARE PRODUCTS'],['ALLSHR']
BGL,12.62,12.70,12.75,12.52,12.55,-0.07,-0.55%,"92,452",['GLASS & CERAMICS'],['ALLSHR']
FHAM,34.92,35.65,35.65,33.15,34.25,-0.67,-1.92%,"92,234",['MODARABAS'],"['KSE100', 'KMIALLSHR', 'ALLSHR', 'KSE100PR']"
CYAN,50.50,50.80,51.00,48.01,49.47,-1.03,-2.04%,"91,838",['INV. BANKS / INV. COS. / SECURITIES COS.'],['ALLSHR']
BFMOD,22.41,24.50,24.65,23.02,24.65,2.24,10.00%,"90,352","['TEXTILE SPINNING', 'LEATHER & TANNERIES', 'FERTILIZER', 'OIL & GAS MARKETING COMPANIES', 'PHARMACEUTICALS', 'PROPERTY', 'TEXTILE WEAVING', 'TEXTILE COMPOSITE', 'MISCELLANEOUS', 'COMMERCIAL BANKS', 'TRANSPORT', 'EXCHANGE TRADED FUNDS', 'CABLE & ELECTRICAL GOODS', 'INV. BANKS / INV. COS. / SECURITIES COS.', 'AUTOMOBILE PARTS & ACCESSORIES', 'MODARABAS', 'CHEMICAL', 'CEMENT', 'FOOD & PERSONAL CARE PRODUCTS', 'GLASS & CERAMICS', 'ENGINEERING', 'REFINERY', 'AUTOMOBILE ASSEMBLER', 'SUGAR & ALLIED INDUSTRIES', 'SYNTHETIC & RAYON', 'LEASING COMPANIES', 'TOBACCO', 'INSURANCE', 'OIL & GAS EXPLORATION COMPANIES', 'TECHNOLOGY & COMMUNICATION', 'PAPER, BOARD & PACKAGING', 'REAL ESTATE INVESTMENT TRUST', 'POWER GENERATION & DISTRIBUTION', 'CLOSE - END MUTUAL FUND', 'VANASPATI & ALLIED INDUSTRIES', 'JUTE', 'WOOLLEN']","['KMI30', 'NBPPGI', 'KSE30', 'PSXDIV20', 'NITPGI', 'MZNPI', 'ALLSHR', 'MII30', 'ACI', 'KSE100', 'JSGBKTI', 'KSE100PR', 'OGTI', 'KMIALLSHR', 'UPP9', 'BKTI', 'JSMFI', 'HBLTTI']"
MIRKS,38.95,39.05,39.44,38.50,39.11,0.16,0.41%,"90,160",['SUGAR & ALLIED INDUSTRIES'],['ALLSHR']
FCEPL,84.84,85.20,85.25,84.20,84.31,-0.53,-0.62%,"89,732",['FOOD & PERSONAL CARE PRODUCTS'],"['ALLSHR', 'KMIALLSHR']"
JSMFETF,12.17,12.18,12.47,12.18,12.30,0.13,1.07%,"86,500",['EXCHANGE TRADED FUNDS'],[]
IDRT,19.71,19.90,21.68,19.90,21.68,1.97,10.00%,"83,206",['TEXTILE SPINNING'],"['ALLSHR', 'KMIALLSHR']"
SAIF,26.94,29.00,29.00,24.41,25.62,-1.32,-4.90%,"82,142",['TEXTILE SPINNING'],"['ALLSHR', 'KMIALLSHR']"
SRVI,"1,735.80","1,835.00","1,909.38","1,700.01","1,780.33",44.53,2.57%,"80,213",['LEATHER & TANNERIES'],"['KSE100', 'ALLSHR', 'KSE100PR']"
PILNC,5.08,5.13,5.34,5.05,5.32,0.24,4.72%,"75,657",['INSURANCE'],['ALLSHR']
CTM,6.19,6.20,6.20,6.12,6.16,-0.03,-0.48%,"74,804",['TEXTILE SPINNING'],['ALLSHR']
FCIBL,14.36,14.74,15.80,14.16,15.78,1.42,9.89%,"71,701",['INV. BANKS / INV. COS. / SECURITIES COS.'],['ALLSHR']
PAKT,"1,543.00","1,549.89","1,549.89","1,492.00","1,499.66",-43.34,-2.81%,"71,236",['TOBACCO'],"['KSE100', 'ALLSHR', 'KSE100PR']"
NCL,43.58,43.78,44.00,43.00,43.87,0.29,0.66%,"69,097",['TEXTILE COMPOSITE'],"['ALLSHR', 'ACI']"
GLAXO,393.01,397.00,398.00,391.00,394.13,1.12,0.29%,"69,064",['PHARMACEUTICALS'],"['KMI30', 'ALLSHR', 'MII30', 'ACI', 'KSE100', 'KSE100PR', 'KMIALLSHR']"
SCBPL,66.82,66.98,67.49,65.00,67.05,0.23,0.34%,"66,395",['COMMERCIAL BANKS'],"['KSE100', 'ALLSHR', 'KSE100PR']"
SSMLNC,33.65,35.50,37.02,35.50,37.02,3.37,10.02%,"64,805","['TEXTILE SPINNING', 'LEATHER & TANNERIES', 'FERTILIZER', 'OIL & GAS MARKETING COMPANIES', 'PHARMACEUTICALS', 'PROPERTY', 'TEXTILE WEAVING', 'TEXTILE COMPOSITE', 'MISCELLANEOUS', 'COMMERCIAL BANKS', 'TRANSPORT', 'EXCHANGE TRADED FUNDS', 'CABLE & ELECTRICAL GOODS', 'INV. BANKS / INV. COS. / SECURITIES COS.', 'AUTOMOBILE PARTS & ACCESSORIES', 'MODARABAS', 'CHEMICAL', 'CEMENT', 'FOOD & PERSONAL CARE PRODUCTS', 'GLASS & CERAMICS', 'ENGINEERING', 'REFINERY', 'AUTOMOBILE ASSEMBLER', 'SUGAR & ALLIED INDUSTRIES', 'SYNTHETIC & RAYON', 'LEASING COMPANIES', 'TOBACCO', 'INSURANCE', 'OIL & GAS EXPLORATION COMPANIES', 'TECHNOLOGY & COMMUNICATION', 'PAPER, BOARD & PACKAGING', 'REAL ESTATE INVESTMENT TRUST', 'POWER GENERATION & DISTRIBUTION', 'CLOSE - END MUTUAL FUND', 'VANASPATI & ALLIED INDUSTRIES', 'JUTE', 'WOOLLEN']","['KMI30', 'NBPPGI', 'KSE30', 'PSXDIV20', 'NITPGI', 'MZNPI', 'ALLSHR', 'MII30', 'ACI', 'KSE100', 'JSGBKTI', 'KSE100PR', 'OGTI', 'KMIALLSHR', 'UPP9', 'BKTI', 'JSMFI', 'HBLTTI']"
JSCL,23.52,24.10,24.10,23.25,23.50,-0.02,-0.08%,"62,323",['INV. BANKS / INV. COS. / SECURITIES COS.'],['ALLSHR']
JSML,53.21,53.45,53.90,52.00,52.07,-1.14,-2.14%,"61,724",['SUGAR & ALLIED INDUSTRIES'],"['ALLSHR', 'KMIALLSHR']"
IMLNC,24.96,24.61,27.45,24.00,25.44,0.48,1.92%,"61,217",['INV. BANKS / INV. COS. / SECURITIES COS.'],['ALLSHR']
ATIL,76.50,78.99,78.99,75.00,75.72,-0.78,-1.02%,"60,892",['INSURANCE'],['ALLSHR']
OCTOPUS,43.42,43.42,43.90,43.25,43.38,-0.04,-0.09%,"60,774",['TECHNOLOGY & COMMUNICATION'],"['ALLSHR', 'KMIALLSHR']"
EMCO,68.25,69.00,69.49,64.00,66.53,-1.72,-2.52%,"60,735",['CABLE & ELECTRICAL GOODS'],"['ALLSHR', 'KMIALLSHR']"
SAZEW,"1,712.30","1,725.30","1,730.00","1,712.00","1,723.79",11.49,0.67%,"60,193",['AUTOMOBILE ASSEMBLER'],"['KMI30', 'KSE30', 'ALLSHR', 'MII30', 'ACI', 'KSE100', 'KSE100PR', 'KMIALLSHR']"
NATF,385.70,385.70,391.00,385.70,389.79,4.09,1.06%,"58,037",['FOOD & PERSONAL CARE PRODUCTS'],"['ALLSHR', 'MII30', 'KSE100', 'KSE100PR', 'PSXDIV20', 'KMIALLSHR']"
MRNS,74.68,76.75,76.75,73.00,73.03,-1.65,-2.21%,"55,866",['SUGAR & ALLIED INDUSTRIES'],['ALLSHR']
RUPL,35.70,35.50,35.50,34.00,34.36,-1.34,-3.75%,"54,601",['SYNTHETIC & RAYON'],"['ALLSHR', 'KMIALLSHR']"
FLYNG,55.07,55.19,55.40,54.50,55.01,-0.06,-0.11%,"51,190",['CEMENT'],"['ALLSHR', 'KMIALLSHR']"
PASMNC,7.09,6.90,7.15,6.90,6.99,-0.10,-1.41%,"50,583",['TEXTILE COMPOSITE'],['ALLSHR']
HGFA,17.17,17.10,17.15,17.00,17.05,-0.12,-0.70%,"50,091",['CLOSE - END MUTUAL FUND'],"['KSE100', 'ALLSHR', 'KSE100PR']"
ASTMNC,20.86,21.99,22.00,18.77,19.44,-1.42,-6.81%,"49,875","['TEXTILE SPINNING', 'LEATHER & TANNERIES', 'FERTILIZER', 'OIL & GAS MARKETING COMPANIES', 'PHARMACEUTICALS', 'PROPERTY', 'TEXTILE WEAVING', 'TEXTILE COMPOSITE', 'MISCELLANEOUS', 'COMMERCIAL BANKS', 'TRANSPORT', 'EXCHANGE TRADED FUNDS', 'CABLE & ELECTRICAL GOODS', 'INV. BANKS / INV. COS. / SECURITIES COS.', 'AUTOMOBILE PARTS & ACCESSORIES', 'MODARABAS', 'CHEMICAL', 'CEMENT', 'FOOD & PERSONAL CARE PRODUCTS', 'GLASS & CERAMICS', 'ENGINEERING', 'REFINERY', 'AUTOMOBILE ASSEMBLER', 'SUGAR & ALLIED INDUSTRIES', 'SYNTHETIC & RAYON', 'LEASING COMPANIES', 'TOBACCO', 'INSURANCE', 'OIL & GAS EXPLORATION COMPANIES', 'TECHNOLOGY & COMMUNICATION', 'PAPER, BOARD & PACKAGING', 'REAL ESTATE INVESTMENT TRUST', 'POWER GENERATION & DISTRIBUTION', 'CLOSE - END MUTUAL FUND', 'VANASPATI & ALLIED INDUSTRIES', 'JUTE', 'WOOLLEN']","['KMI30', 'NBPPGI', 'KSE30', 'PSXDIV20', 'NITPGI', 'MZNPI', 'ALLSHR', 'MII30', 'ACI', 'KSE100', 'JSGBKTI', 'KSE100PR', 'OGTI', 'KMIALLSHR', 'UPP9', 'BKTI', 'JSMFI', 'HBLTTI']"
AGTL,406.10,407.99,423.00,405.00,412.87,6.77,1.67%,"48,580",['AUTOMOBILE ASSEMBLER'],"['ALLSHR', 'KMIALLSHR']"
SHDT,54.27,54.27,55.97,54.27,54.78,0.51,0.94%,"46,465",['TEXTILE SPINNING'],"['ALLSHR', 'KMIALLSHR']"
UVIC,23.55,23.51,25.39,22.02,24.87,1.32,5.61%,"46,275",['INSURANCE'],['ALLSHR']
JVDC,75.92,76.80,77.00,75.50,76.01,0.09,0.12%,"45,826",['PROPERTY'],"['ALLSHR', 'KSE100', 'KSE100PR', 'PSXDIV20', 'KMIALLSHR']"
NICL,235.00,236.01,238.90,215.00,233.50,-1.50,-0.64%,"45,411",['CHEMICAL'],['ALLSHR']
SMCPL,39.14,39.70,40.47,39.02,40.25,1.11,2.84%,"45,198",['CEMENT'],"['ALLSHR', 'KMIALLSHR']"
REDCO,22.75,22.70,23.75,22.40,23.36,0.61,2.68%,"43,622",['TEXTILE COMPOSITE'],"['ALLSHR', 'KMIALLSHR']"
DFSMNC,5.17,5.28,5.39,5.17,5.20,0.03,0.58%,"43,268",['TEXTILE SPINNING'],['ALLSHR']
CSAP,96.65,97.50,97.85,96.85,96.99,0.34,0.35%,"42,733",['ENGINEERING'],"['ALLSHR', 'KMIALLSHR', 'ACI']"
BWCL,548.61,549.00,554.89,545.50,551.53,2.92,0.53%,"41,959",['CEMENT'],"['KSE100', 'ALLSHR', 'KSE100PR']"
BOK,31.95,32.63,32.63,31.60,32.59,0.64,2.00%,"40,813",['COMMERCIAL BANKS'],['ALLSHR']
PABC,128.06,133.50,133.50,125.02,129.58,1.52,1.19%,"40,500",['MISCELLANEOUS'],"['KSE100', 'ALLSHR', 'KSE100PR']"
HIFA,6.31,6.39,6.69,6.26,6.28,-0.03,-0.47%,"39,882",['CLOSE - END MUTUAL FUND'],['ALLSHR']
PICT,41.52,41.55,41.99,41.10,41.32,-0.20,-0.48%,"38,855",['TRANSPORT'],['ALLSHR']
ABL,179.99,180.00,182.98,178.50,178.89,-1.10,-0.61%,"38,087",['COMMERCIAL BANKS'],"['KSE100', 'ALLSHR', 'KSE100PR']"
GTYR,36.70,36.98,37.49,36.55,37.16,0.46,1.25%,"37,361",['AUTOMOBILE PARTS & ACCESSORIES'],"['ALLSHR', 'KMIALLSHR']"
ANSM,15.34,15.10,15.45,15.00,15.00,-0.34,-2.22%,"37,005",['SUGAR & ALLIED INDUSTRIES'],['ALLSHR']
APL,547.33,547.51,551.50,541.10,547.77,0.44,0.08%,"36,989",['OIL & GAS MARKETING COMPANIES'],"['KSE100', 'KMIALLSHR', 'ALLSHR', 'KSE100PR']"
BWHL,185.63,185.63,187.97,180.25,183.53,-2.10,-1.13%,"35,329",['AUTOMOBILE PARTS & ACCESSORIES'],"['ALLSHR', 'KMIALLSHR']"
DWSMNC,7.38,7.28,7.44,7.25,7.35,-0.03,-0.41%,"35,232",['SUGAR & ALLIED INDUSTRIES'],['ALLSHR']
ECOP,57.53,57.90,58.49,57.90,57.97,0.44,0.77%,"34,593",['MISCELLANEOUS'],"['ALLSHR', 'KMIALLSHR']"
MTL,506.58,508.00,511.50,506.58,507.96,1.38,0.27%,"34,397",['AUTOMOBILE ASSEMBLER'],"['KMI30', 'ALLSHR', 'MII30', 'ACI', 'KSE100', 'KSE100PR', 'PSXDIV20', 'KMIALLSHR']"
CLCPS,3.43,3.49,3.49,3.02,3.35,-0.08,-2.33%,"32,133",['TEXTILE COMPOSITE'],['ALLSHR']
TCORPCPS,11.63,12.74,12.79,10.47,11.81,0.18,1.55%,"31,466",['SUGAR & ALLIED INDUSTRIES'],['ALLSHR']
GRR,20.19,20.40,20.40,20.15,20.33,0.14,0.69%,"30,394",['REAL ESTATE INVESTMENT TRUST'],['ALLSHR']
CJPLWU,20.76,20.54,21.48,19.85,20.58,-0.18,-0.87%,"28,730",['JUTE'],['ALLSHR']
GAMONNC,23.26,23.50,23.80,22.03,23.07,-0.19,-0.82%,"28,622",['MISCELLANEOUS'],['ALLSHR']
GUSMWU,10.00,9.75,10.39,9.75,10.01,0.01,0.10%,"28,397",['TEXTILE SPINNING'],['ALLSHR']
HALEON,834.07,836.00,844.00,825.01,833.99,-0.08,-0.01%,"26,230",['PHARMACEUTICALS'],"['KSE100', 'KMIALLSHR', 'ALLSHR', 'KSE100PR']"
PGLC,15.80,16.30,16.59,16.11,16.32,0.52,3.29%,"25,965",['LEASING COMPANIES'],"['KSE100', 'ALLSHR', 'KSE100PR']"
BERG,99.74,100.70,100.70,99.00,99.59,-0.15,-0.15%,"25,573",['CHEMICAL'],"['ALLSHR', 'KMIALLSHR']"
DWAENC,22.31,22.30,22.59,21.50,22.25,-0.06,-0.27%,"25,486",['AUTOMOBILE PARTS & ACCESSORIES'],['ALLSHR']
IGIHL,248.44,257.89,257.89,247.30,247.92,-0.52,-0.21%,"25,310",['INSURANCE'],['ALLSHR']
DLL,585.49,590.00,610.00,590.00,606.03,20.54,3.51%,"25,139",['INV. BANKS / INV. COS. / SECURITIES COS.'],['ALLSHR']
AHL,102.29,103.29,103.60,102.60,103.02,0.73,0.71%,"25,069",['INV. BANKS / INV. COS. / SECURITIES COS.'],['ALLSHR']
SEPL,158.27,159.00,161.00,158.00,159.20,0.93,0.59%,"24,798","['PAPER, BOARD & PACKAGING']",['ALLSHR']
LSEFSL,21.49,21.52,23.64,21.52,22.68,1.19,5.54%,"24,497",['INV. BANKS / INV. COS. / SECURITIES COS.'],['ALLSHR']
MFL,69.35,71.66,71.90,68.36,69.21,-0.14,-0.20%,"22,510",['FOOD & PERSONAL CARE PRODUCTS'],"['ALLSHR', 'KMIALLSHR']"
GATI,111.55,111.00,113.01,110.05,110.25,-1.30,-1.16%,"22,121",['SYNTHETIC & RAYON'],"['ALLSHR', 'KMIALLSHR']"
PTL,53.92,53.51,53.94,53.10,53.24,-0.68,-1.26%,"21,686",['AUTOMOBILE PARTS & ACCESSORIES'],"['ALLSHR', 'KMIALLSHR']"
SHNI,10.40,10.75,10.75,9.95,9.98,-0.42,-4.04%,"21,129",['INSURANCE'],['ALLSHR']
ZUMANC,49.57,50.00,52.00,48.60,50.10,0.53,1.07%,"20,857",['TEXTILE SPINNING'],['ALLSHR']
FEROZ,375.31,380.00,380.00,368.10,378.85,3.54,0.94%,"20,849",['PHARMACEUTICALS'],"['ALLSHR', 'KMIALLSHR']"
TSPL,13.75,13.99,14.00,13.05,13.31,-0.44,-3.20%,"19,621",['POWER GENERATION & DISTRIBUTION'],['ALLSHR']
OLPL,48.00,48.01,48.50,45.11,48.50,0.50,1.04%,"19,416",['INV. BANKS / INV. COS. / SECURITIES COS.'],['ALLSHR']
ADMM,50.00,51.80,51.80,50.00,50.00,0.00,0.00%,"19,359",['TEXTILE COMPOSITE'],['ALLSHR']
JGICL,78.29,78.30,78.90,72.00,78.50,0.21,0.27%,"19,132",['INSURANCE'],['ALLSHR']
BPL,33.14,33.49,33.49,32.25,32.48,-0.66,-1.99%,"19,018",['OIL & GAS MARKETING COMPANIES'],"['ALLSHR', 'KMIALLSHR']"
ARUJNC,13.14,13.01,13.81,12.55,12.73,-0.41,-3.12%,"18,770",['TEXTILE COMPOSITE'],['ALLSHR']
PAKL,52.62,53.95,53.99,50.03,50.49,-2.13,-4.05%,"18,634",['LEATHER & TANNERIES'],['ALLSHR']
GRYL,25.05,26.49,26.64,23.22,25.11,0.06,0.24%,"18,315",['LEASING COMPANIES'],['ALLSHR']
ABOT,"1,045.00","1,045.00","1,049.00","1,020.00","1,026.65",-18.35,-1.76%,"18,141",['PHARMACEUTICALS'],"['ALLSHR', 'MII30', 'KSE100', 'KSE100PR', 'KMIALLSHR']"
GSPMNC,6.05,5.80,6.30,5.80,5.82,-0.23,-3.80%,"17,886",['TEXTILE SPINNING'],['ALLSHR']
FECM,26.11,26.11,27.54,25.80,27.00,0.89,3.41%,"17,702",['MODARABAS'],"['ALLSHR', 'KMIALLSHR']"
SKRSNC,31.80,32.00,33.90,31.49,31.57,-0.23,-0.72%,"17,663",['SUGAR & ALLIED INDUSTRIES'],['ALLSHR']
MUREB,"1,051.07","1,050.00","1,055.00","1,050.00","1,050.01",-1.06,-0.10%,"17,303",['FOOD & PERSONAL CARE PRODUCTS'],"['KSE100', 'ALLSHR', 'KSE100PR']"
STYLERS,48.99,49.98,50.00,46.15,47.18,-1.81,-3.69%,"16,495",['TEXTILE COMPOSITE'],"['ALLSHR', 'KMIALLSHR']"
HINOON,"1,069.66","1,079.90","1,088.75","1,062.00","1,069.64",-0.02,0.00%,"15,683",['PHARMACEUTICALS'],"['ALLSHR', 'MII30', 'KSE100', 'KSE100PR', 'KMIALLSHR']"
EPCLPS,12.50,12.50,12.50,11.55,12.50,0.00,0.00%,"15,254",['CHEMICAL'],['ALLSHR']
MSOT,59.09,58.01,63.50,56.76,60.67,1.58,2.67%,"15,241",['TEXTILE COMPOSITE'],['ALLSHR']
UBLPETF,38.13,38.25,38.39,36.24,38.27,0.14,0.37%,"15,000",['EXCHANGE TRADED FUNDS'],[]
PKGS,740.14,739.00,740.00,733.00,739.98,-0.16,-0.02%,"14,892","['PAPER, BOARD & PACKAGING']","['KSE100', 'KMIALLSHR', 'ALLSHR', 'KSE100PR']"
HAEL,21.14,21.10,22.46,19.10,21.25,0.11,0.52%,"12,591",['TEXTILE COMPOSITE'],"['ALLSHR', 'KMIALLSHR']"
KOHP,42.40,42.94,42.94,41.40,42.03,-0.37,-0.87%,"12,062",['POWER GENERATION & DISTRIBUTION'],['ALLSHR']
ARPL,444.75,449.90,450.00,446.00,449.00,4.25,0.96%,"11,977",['CHEMICAL'],"['ALLSHR', 'KMIALLSHR']"
PKGI,11.50,11.48,11.55,11.48,11.55,0.05,0.43%,"11,813",['INSURANCE'],['ALLSHR']
PKGP,61.34,61.78,63.23,59.50,61.76,0.42,0.69%,"11,576",['POWER GENERATION & DISTRIBUTION'],"['KSE100', 'ALLSHR', 'KSE100PR']"
UDPL,127.42,129.00,130.00,127.75,128.04,0.62,0.49%,"11,101",['MISCELLANEOUS'],"['ALLSHR', 'KMIALLSHR']"
BCL,88.61,89.00,90.00,88.00,89.93,1.32,1.49%,"11,024",['ENGINEERING'],"['ALLSHR', 'KMIALLSHR']"
MSCL,13.70,14.00,14.00,13.12,13.51,-0.19,-1.39%,"10,398",['ENGINEERING'],"['ALLSHR', 'KMIALLSHR']"
ATLH,"1,403.10","1,415.00","1,415.00","1,392.00","1,402.55",-0.55,-0.04%,"9,821",['AUTOMOBILE ASSEMBLER'],"['KSE100', 'ALLSHR', 'KSE100PR']"
PIM,22.08,24.21,24.29,24.21,24.29,2.21,10.01%,"9,692","['TEXTILE SPINNING', 'LEATHER & TANNERIES', 'FERTILIZER', 'OIL & GAS MARKETING COMPANIES', 'PHARMACEUTICALS', 'PROPERTY', 'TEXTILE WEAVING', 'TEXTILE COMPOSITE', 'MISCELLANEOUS', 'COMMERCIAL BANKS', 'TRANSPORT', 'EXCHANGE TRADED FUNDS', 'CABLE & ELECTRICAL GOODS', 'INV. BANKS / INV. COS. / SECURITIES COS.', 'AUTOMOBILE PARTS & ACCESSORIES', 'MODARABAS', 'CHEMICAL', 'CEMENT', 'FOOD & PERSONAL CARE PRODUCTS', 'GLASS & CERAMICS', 'ENGINEERING', 'REFINERY', 'AUTOMOBILE ASSEMBLER', 'SUGAR & ALLIED INDUSTRIES', 'SYNTHETIC & RAYON', 'LEASING COMPANIES', 'TOBACCO', 'INSURANCE', 'OIL & GAS EXPLORATION COMPANIES', 'TECHNOLOGY & COMMUNICATION', 'PAPER, BOARD & PACKAGING', 'REAL ESTATE INVESTMENT TRUST', 'POWER GENERATION & DISTRIBUTION', 'CLOSE - END MUTUAL FUND', 'VANASPATI & ALLIED INDUSTRIES', 'JUTE', 'WOOLLEN']","['KMI30', 'NBPPGI', 'KSE30', 'PSXDIV20', 'NITPGI', 'MZNPI', 'ALLSHR', 'MII30', 'ACI', 'KSE100', 'JSGBKTI', 'KSE100PR', 'OGTI', 'KMIALLSHR', 'UPP9', 'BKTI', 'JSMFI', 'HBLTTI']"
CPPL,96.41,97.90,97.90,95.10,97.07,0.66,0.69%,"9,661","['PAPER, BOARD & PACKAGING']","['ALLSHR', 'KMIALLSHR']"
SHEZ,256.84,259.50,259.50,250.00,251.50,-5.34,-2.08%,"9,292",['FOOD & PERSONAL CARE PRODUCTS'],"['ALLSHR', 'KMIALLSHR']"
SURC,119.17,121.00,123.98,121.00,121.46,2.29,1.92%,"9,157",['TEXTILE COMPOSITE'],"['ALLSHR', 'KMIALLSHR']"
UBDL,26.94,27.98,27.98,26.06,27.00,0.06,0.22%,"8,841",['MISCELLANEOUS'],"['ALLSHR', 'KMIALLSHR']"
HINO,485.84,487.00,495.00,483.00,489.90,4.06,0.84%,"8,596",['AUTOMOBILE ASSEMBLER'],"['ALLSHR', 'KMIALLSHR']"
ATBA,237.39,238.00,240.00,234.01,238.90,1.51,0.64%,"8,160",['AUTOMOBILE PARTS & ACCESSORIES'],"['ALLSHR', 'KMIALLSHR']"
PAKD,162.26,164.26,178.49,164.26,170.35,8.09,4.99%,"8,127",['TECHNOLOGY & COMMUNICATION'],"['ALLSHR', 'KMIALLSHR']"
NONS,91.00,91.00,91.00,91.00,91.00,0.00,0.00%,"8,001",['SUGAR & ALLIED INDUSTRIES'],['ALLSHR']
POML,197.19,199.00,202.01,195.01,196.45,-0.74,-0.37%,"7,776",['VANASPATI & ALLIED INDUSTRIES'],"['ALLSHR', 'KMIALLSHR']"
BAFS,320.77,345.00,345.00,290.01,322.60,1.83,0.57%,"7,441",['SUGAR & ALLIED INDUSTRIES'],['ALLSHR']
GLPL,359.51,365.99,384.00,365.00,377.57,18.06,5.02%,"7,199",['FOOD & PERSONAL CARE PRODUCTS'],"['ALLSHR', 'KMIALLSHR']"
UNIC,15.05,15.23,15.23,14.80,14.83,-0.22,-1.46%,"7,195",['INSURANCE'],['ALLSHR']
SERT,36.37,36.59,37.70,36.00,36.79,0.42,1.16%,"7,170",['TEXTILE SPINNING'],"['ALLSHR', 'KMIALLSHR']"
MACTER,335.58,338.99,340.00,336.01,338.07,2.49,0.74%,"7,050",['PHARMACEUTICALS'],"['ALLSHR', 'KMIALLSHR']"
CASH,43.14,45.45,47.00,40.55,42.30,-0.84,-1.95%,"7,024",['INV. BANKS / INV. COS. / SECURITIES COS.'],['ALLSHR']
AGIL,140.00,140.00,143.00,140.00,140.20,0.20,0.14%,"6,885",['AUTOMOBILE PARTS & ACCESSORIES'],"['ALLSHR', 'KMIALLSHR']"
BELANC,103.76,103.50,106.00,103.00,104.94,1.18,1.14%,"6,749",['AUTOMOBILE PARTS & ACCESSORIES'],['ALLSHR']
FIBLM,11.52,11.52,11.75,11.21,11.51,-0.01,-0.09%,"6,739",['MODARABAS'],"['ALLSHR', 'KMIALLSHR']"
WAHN,338.22,341.00,341.00,330.00,334.52,-3.70,-1.09%,"6,594",['CHEMICAL'],"['ALLSHR', 'KMIALLSHR']"
HRPL,25.97,26.25,26.85,25.75,25.76,-0.21,-0.81%,"6,230",['SUGAR & ALLIED INDUSTRIES'],"['ALLSHR', 'KMIALLSHR']"
COLG,"1,283.98","1,282.00","1,284.95","1,270.00","1,278.27",-5.71,-0.44%,"6,116",['FOOD & PERSONAL CARE PRODUCTS'],"['KSE100', 'ALLSHR', 'KSE100PR']"
PPVCNC,20.76,22.00,22.84,19.50,21.98,1.22,5.88%,"5,774",['CHEMICAL'],['ALLSHR']
INKL,105.83,107.50,110.00,102.21,105.92,0.09,0.08%,"5,760",['TEXTILE COMPOSITE'],['ALLSHR']
INIL,187.87,188.90,189.00,185.01,186.24,-1.63,-0.87%,"5,752",['ENGINEERING'],"['ALLSHR', 'ACI', 'KSE100', 'KSE100PR', 'KMIALLSHR']"
IDYM,162.00,164.50,165.00,160.00,160.25,-1.75,-1.08%,"5,704",['TEXTILE SPINNING'],['ALLSHR']
CLVL,16.36,16.62,16.80,15.58,16.58,0.22,1.35%,"5,695",['TRANSPORT'],['ALLSHR']
MCBIM,208.66,210.69,219.95,210.00,219.85,11.19,5.36%,"5,632",['INV. BANKS / INV. COS. / SECURITIES COS.'],['ALLSHR']
LEUL,52.25,52.50,53.00,48.75,50.08,-2.17,-4.15%,"5,621",['LEATHER & TANNERIES'],"['ALLSHR', 'KMIALLSHR']"
FPRM,13.69,13.13,14.00,13.13,13.81,0.12,0.88%,"5,607",['MODARABAS'],"['ALLSHR', 'KMIALLSHR']"
DADX,62.64,59.25,62.98,59.25,62.35,-0.29,-0.46%,"5,587",['ENGINEERING'],"['ALLSHR', 'KMIALLSHR']"
JUBSNC,22.45,22.40,24.40,22.24,23.23,0.78,3.47%,"5,574",['TEXTILE COMPOSITE'],['ALLSHR']
TPLL,27.30,28.25,29.45,27.51,28.94,1.64,6.01%,"5,533",['INSURANCE'],['ALLSHR']
ZAHID,64.91,66.99,66.99,64.41,65.15,0.24,0.37%,"5,510",['TEXTILE COMPOSITE'],"['ALLSHR', 'KMIALLSHR']"
SITC,884.94,898.99,908.00,885.00,890.01,5.07,0.57%,"5,488",['CHEMICAL'],"['ALLSHR', 'KMIALLSHR']"
ADAMS,70.47,70.47,75.90,65.15,75.79,5.32,7.55%,"5,348",['SUGAR & ALLIED INDUSTRIES'],"['ALLSHR', 'KMIALLSHR']"
FRCL,90.40,94.25,94.90,87.16,94.90,4.50,4.98%,"5,126",['GLASS & CERAMICS'],"['ALLSHR', 'KMIALLSHR']"
SNAI,30.86,30.87,30.87,30.50,30.50,-0.36,-1.17%,"5,000",['TEXTILE SPINNING'],"['ALLSHR', 'KMIALLSHR']"
MQTM,29.56,29.98,29.99,28.05,28.20,-1.36,-4.60%,"4,978",['TEXTILE SPINNING'],"['ALLSHR', 'KMIALLSHR']"
THALL,517.65,525.00,525.00,510.00,514.02,-3.63,-0.70%,"4,973",['AUTOMOBILE PARTS & ACCESSORIES'],"['KSE100', 'ALLSHR', 'KSE100PR']"
NEXT,13.43,13.49,13.49,13.00,13.01,-0.42,-3.13%,"4,969",['INV. BANKS / INV. COS. / SECURITIES COS.'],['ALLSHR']
KOHTM,62.28,62.28,62.28,60.00,60.13,-2.15,-3.45%,"4,506",['TEXTILE SPINNING'],"['ALLSHR', 'KMIALLSHR']"
JSGBETF,41.92,45.87,45.87,41.85,43.10,1.18,2.82%,"4,500",['EXCHANGE TRADED FUNDS'],[]
FML,68.46,69.01,70.01,68.00,68.00,-0.46,-0.67%,"4,202",['TEXTILE COMPOSITE'],"['ALLSHR', 'KMIALLSHR']"
ZIL,481.35,453.01,497.00,450.00,477.47,-3.88,-0.81%,"4,175",['FOOD & PERSONAL CARE PRODUCTS'],"['ALLSHR', 'KMIALLSHR']"
DYNO,280.38,284.85,287.00,282.99,286.73,6.35,2.27%,"4,095",['CHEMICAL'],"['ALLSHR', 'KMIALLSHR']"
NBPGETF,29.86,31.75,31.75,28.12,30.97,1.11,3.72%,"4,000",['EXCHANGE TRADED FUNDS'],[]
LPGL,102.03,106.45,106.45,100.00,100.72,-1.31,-1.28%,"3,841",['CHEMICAL'],"['ALLSHR', 'KMIALLSHR']"
SLYTWU,12.34,12.22,13.37,12.05,12.31,-0.03,-0.24%,"3,786",['TEXTILE SPINNING'],['ALLSHR']
DINT,65.43,65.43,65.43,63.00,63.00,-2.43,-3.71%,"3,777",['TEXTILE SPINNING'],"['ALLSHR', 'KMIALLSHR']"
ELSM,120.00,120.00,122.00,110.29,122.00,2.00,1.67%,"3,775",['TEXTILE SPINNING'],"['ALLSHR', 'KMIALLSHR']"
BIFO,163.39,163.20,168.60,163.20,164.31,0.92,0.56%,"3,667",['CHEMICAL'],"['ALLSHR', 'KMIALLSHR']"
AGIC,38.30,38.07,38.43,38.00,38.43,0.13,0.34%,"3,529",['INSURANCE'],['ALLSHR']
OLPM,21.25,21.39,21.49,21.00,21.21,-0.04,-0.19%,"3,439",['MODARABAS'],"['ALLSHR', 'KMIALLSHR']"
CHAS,70.07,75.96,75.96,71.00,72.88,2.81,4.01%,"3,350",['SUGAR & ALLIED INDUSTRIES'],['ALLSHR']
ZTL,14.53,14.54,14.71,14.54,14.67,0.14,0.96%,"3,257",['TEXTILE WEAVING'],"['ALLSHR', 'KMIALLSHR']"
MFFL,192.71,194.98,196.90,192.10,196.15,3.44,1.79%,"3,254",['FOOD & PERSONAL CARE PRODUCTS'],"['ALLSHR', 'KMIALLSHR']"
SSOM,444.03,453.99,453.99,440.00,442.29,-1.74,-0.39%,"3,039",['VANASPATI & ALLIED INDUSTRIES'],"['KSE100', 'KMIALLSHR', 'ALLSHR', 'KSE100PR']"
GADT,342.57,345.00,345.00,341.00,342.02,-0.55,-0.16%,"2,972",['TEXTILE SPINNING'],"['KSE100', 'ALLSHR', 'KSE100PR']"
FTSM,12.48,12.22,13.59,11.52,12.48,0.00,0.00%,"2,551",['MODARABAS'],"['ALLSHR', 'KMIALLSHR']"
TOWL,156.18,155.00,156.89,153.20,153.34,-2.84,-1.82%,"2,541",['TEXTILE COMPOSITE'],"['ALLSHR', 'KMIALLSHR']"
PAKOXY,312.13,313.00,320.00,312.00,317.05,4.92,1.58%,"2,504",['CHEMICAL'],"['ALLSHR', 'KMIALLSHR']"
ACIETF,18.00,19.00,19.00,18.01,18.49,0.49,2.72%,"2,500",['EXCHANGE TRADED FUNDS'],[]
FTMMXD,20.01,20.00,20.50,20.00,20.50,0.49,2.45%,"2,405",['MODARABAS'],"['ALLSHR', 'KMIALLSHR']"
SASML,192.28,191.95,211.00,175.04,202.07,9.79,5.09%,"2,327",['SUGAR & ALLIED INDUSTRIES'],['ALLSHR']
HABSM,83.23,83.50,83.50,82.26,82.27,-0.96,-1.15%,"2,316",['SUGAR & ALLIED INDUSTRIES'],"['ALLSHR', 'KMIALLSHR']"
BUXL,146.58,149.65,157.75,142.11,151.74,5.16,3.52%,"2,232",['CHEMICAL'],"['ALLSHR', 'KMIALLSHR']"
ARCTM,27.99,28.08,28.08,27.00,27.18,-0.81,-2.89%,"2,230",['TEXTILE SPINNING'],"['ALLSHR', 'KMIALLSHR']"
EXIDE,625.84,629.90,630.00,625.00,628.54,2.70,0.43%,"2,200",['AUTOMOBILE PARTS & ACCESSORIES'],"['ALLSHR', 'KMIALLSHR']"
FRSM,54.17,54.50,55.00,53.60,54.83,0.66,1.22%,"2,164",['SUGAR & ALLIED INDUSTRIES'],"['ALLSHR', 'KMIALLSHR']"
ASIC,21.75,23.61,23.61,20.00,20.52,-1.23,-5.65%,"2,158","['TEXTILE SPINNING', 'LEATHER & TANNERIES', 'FERTILIZER', 'OIL & GAS MARKETING COMPANIES', 'PHARMACEUTICALS', 'PROPERTY', 'TEXTILE WEAVING', 'TEXTILE COMPOSITE', 'MISCELLANEOUS', 'COMMERCIAL BANKS', 'TRANSPORT', 'EXCHANGE TRADED FUNDS', 'CABLE & ELECTRICAL GOODS', 'INV. BANKS / INV. COS. / SECURITIES COS.', 'AUTOMOBILE PARTS & ACCESSORIES', 'MODARABAS', 'CHEMICAL', 'CEMENT', 'FOOD & PERSONAL CARE PRODUCTS', 'GLASS & CERAMICS', 'ENGINEERING', 'REFINERY', 'AUTOMOBILE ASSEMBLER', 'SUGAR & ALLIED INDUSTRIES', 'SYNTHETIC & RAYON', 'LEASING COMPANIES', 'TOBACCO', 'INSURANCE', 'OIL & GAS EXPLORATION COMPANIES', 'TECHNOLOGY & COMMUNICATION', 'PAPER, BOARD & PACKAGING', 'REAL ESTATE INVESTMENT TRUST', 'POWER GENERATION & DISTRIBUTION', 'CLOSE - END MUTUAL FUND', 'VANASPATI & ALLIED INDUSTRIES', 'JUTE', 'WOOLLEN']","['KMI30', 'NBPPGI', 'KSE30', 'PSXDIV20', 'NITPGI', 'MZNPI', 'ALLSHR', 'MII30', 'ACI', 'KSE100', 'JSGBKTI', 'KSE100PR', 'OGTI', 'KMIALLSHR', 'UPP9', 'BKTI', 'JSMFI', 'HBLTTI']"
AATM,41.30,41.90,43.49,41.50,42.01,0.71,1.72%,"1,743",['TEXTILE SPINNING'],['ALLSHR']
IGIL,20.50,20.50,20.50,19.56,19.57,-0.93,-4.54%,"1,692",['INSURANCE'],['ALLSHR']
NCMLNC,15.41,15.01,15.99,15.01,15.99,0.58,3.76%,"1,501",['TEXTILE SPINNING'],['ALLSHR']
DAAG,91.67,92.00,93.88,91.20,93.00,1.33,1.45%,"1,397",['CHEMICAL'],"['ALLSHR', 'KMIALLSHR']"
RUBYNC,12.29,11.80,12.50,11.80,12.44,0.15,1.22%,"1,366",['TEXTILE SPINNING'],['ALLSHR']
GVGL,60.49,60.50,61.00,59.27,59.42,-1.07,-1.77%,"1,238",['GLASS & CERAMICS'],"['ALLSHR', 'KMIALLSHR']"
EFUG,125.00,127.97,127.97,122.00,122.82,-2.18,-1.74%,"1,217",['INSURANCE'],['ALLSHR']
ANTM,35.00,36.00,36.97,33.55,36.97,1.97,5.63%,"1,179",['TEXTILE COMPOSITE'],"['ALLSHR', 'KMIALLSHR']"
GFIL,13.61,14.00,14.00,13.61,13.85,0.24,1.76%,"1,135",['TEXTILE COMPOSITE'],"['ALLSHR', 'KMIALLSHR']"
SZTM,57.31,62.65,63.04,52.10,62.06,4.75,8.29%,"1,112",['TEXTILE SPINNING'],"['ALLSHR', 'KMIALLSHR']"
OTSU,349.90,345.00,349.99,335.00,349.99,0.09,0.03%,"1,107",['PHARMACEUTICALS'],['ALLSHR']
ALNRS,112.00,112.00,112.00,102.00,107.50,-4.50,-4.02%,"1,103",['SUGAR & ALLIED INDUSTRIES'],"['ALLSHR', 'KMIALLSHR']"
PRET,420.21,420.21,420.21,420.21,420.21,0.00,0.00%,"1,001",['TEXTILE SPINNING'],['ALLSHR']
QUETNC,16.16,17.00,17.00,15.65,16.70,0.54,3.34%,881,['TEXTILE COMPOSITE'],['ALLSHR']
PSYL,63.52,63.52,66.89,63.52,63.90,0.38,0.60%,861,['SYNTHETIC & RAYON'],"['ALLSHR', 'KMIALLSHR']"
STML,31.49,31.39,31.90,29.18,31.21,-0.28,-0.89%,850,['TEXTILE COMPOSITE'],"['ALLSHR', 'KMIALLSHR']"
SCL,480.62,485.00,490.25,480.00,484.42,3.80,0.79%,804,['FOOD & PERSONAL CARE PRODUCTS'],"['ALLSHR', 'KMIALLSHR']"
PPP,138.33,139.00,139.01,137.05,138.01,-0.32,-0.23%,777,"['PAPER, BOARD & PACKAGING']","['ALLSHR', 'KMIALLSHR']"
CCM,55.57,54.01,59.99,53.00,58.64,3.07,5.53%,760,['TEXTILE SPINNING'],"['ALLSHR', 'KMIALLSHR']"
HICL,12.47,12.80,12.97,12.53,12.80,0.33,2.65%,707,['INSURANCE'],['ALLSHR']
RICL,16.78,16.11,16.98,16.11,16.88,0.10,0.60%,602,['INSURANCE'],['ALLSHR']
JATMNC,22.22,22.00,23.40,22.00,22.22,0.00,0.00%,600,['TEXTILE SPINNING'],['ALLSHR']
NSRM,168.89,185.78,185.78,185.78,185.78,16.89,10.00%,600,"['TEXTILE SPINNING', 'LEATHER & TANNERIES', 'FERTILIZER', 'OIL & GAS MARKETING COMPANIES', 'PHARMACEUTICALS', 'PROPERTY', 'TEXTILE WEAVING', 'TEXTILE COMPOSITE', 'MISCELLANEOUS', 'COMMERCIAL BANKS', 'TRANSPORT', 'EXCHANGE TRADED FUNDS', 'CABLE & ELECTRICAL GOODS', 'INV. BANKS / INV. COS. / SECURITIES COS.', 'AUTOMOBILE PARTS & ACCESSORIES', 'MODARABAS', 'CHEMICAL', 'CEMENT', 'FOOD & PERSONAL CARE PRODUCTS', 'GLASS & CERAMICS', 'ENGINEERING', 'REFINERY', 'AUTOMOBILE ASSEMBLER', 'SUGAR & ALLIED INDUSTRIES', 'SYNTHETIC & RAYON', 'LEASING COMPANIES', 'TOBACCO', 'INSURANCE', 'OIL & GAS EXPLORATION COMPANIES', 'TECHNOLOGY & COMMUNICATION', 'PAPER, BOARD & PACKAGING', 'REAL ESTATE INVESTMENT TRUST', 'POWER GENERATION & DISTRIBUTION', 'CLOSE - END MUTUAL FUND', 'VANASPATI & ALLIED INDUSTRIES', 'JUTE', 'WOOLLEN']","['KMI30', 'NBPPGI', 'KSE30', 'PSXDIV20', 'NITPGI', 'MZNPI', 'ALLSHR', 'MII30', 'ACI', 'KSE100', 'JSGBKTI', 'KSE100PR', 'OGTI', 'KMIALLSHR', 'UPP9', 'BKTI', 'JSMFI', 'HBLTTI']"
SUTM,135.24,136.00,138.01,136.00,136.99,1.75,1.29%,568,['TEXTILE SPINNING'],['ALLSHR']
SHSML,456.39,472.98,502.03,415.00,441.19,-15.20,-3.33%,542,['SUGAR & ALLIED INDUSTRIES'],"['ALLSHR', 'KMIALLSHR']"
JLICL,169.70,174.99,174.99,172.00,172.00,2.30,1.36%,513,['INSURANCE'],['ALLSHR']
IDSM,22.18,23.10,23.10,23.10,23.10,0.92,4.15%,501,['TEXTILE SPINNING'],"['ALLSHR', 'KMIALLSHR']"
PSEL,"1,331.50","1,340.00","1,400.00","1,320.00","1,388.06",56.56,4.25%,450,['MISCELLANEOUS'],"['KSE100', 'KMIALLSHR', 'ALLSHR', 'KSE100PR']"
ELCM,226.27,226.20,229.79,214.20,223.03,-3.24,-1.43%,443,['TEXTILE SPINNING'],"['ALLSHR', 'KMIALLSHR']"
DIIL,53.53,50.50,54.99,50.50,53.53,0.00,0.00%,406,['MISCELLANEOUS'],"['ALLSHR', 'KMIALLSHR']"
FSWLNC,109.02,109.00,109.00,101.04,102.67,-6.35,-5.82%,403,"['TEXTILE SPINNING', 'LEATHER & TANNERIES', 'FERTILIZER', 'OIL & GAS MARKETING COMPANIES', 'PHARMACEUTICALS', 'PROPERTY', 'TEXTILE WEAVING', 'TEXTILE COMPOSITE', 'MISCELLANEOUS', 'COMMERCIAL BANKS', 'TRANSPORT', 'EXCHANGE TRADED FUNDS', 'CABLE & ELECTRICAL GOODS', 'INV. BANKS / INV. COS. / SECURITIES COS.', 'AUTOMOBILE PARTS & ACCESSORIES', 'MODARABAS', 'CHEMICAL', 'CEMENT', 'FOOD & PERSONAL CARE PRODUCTS', 'GLASS & CERAMICS', 'ENGINEERING', 'REFINERY', 'AUTOMOBILE ASSEMBLER', 'SUGAR & ALLIED INDUSTRIES', 'SYNTHETIC & RAYON', 'LEASING COMPANIES', 'TOBACCO', 'INSURANCE', 'OIL & GAS EXPLORATION COMPANIES', 'TECHNOLOGY & COMMUNICATION', 'PAPER, BOARD & PACKAGING', 'REAL ESTATE INVESTMENT TRUST', 'POWER GENERATION & DISTRIBUTION', 'CLOSE - END MUTUAL FUND', 'VANASPATI & ALLIED INDUSTRIES', 'JUTE', 'WOOLLEN']","['KMI30', 'NBPPGI', 'KSE30', 'PSXDIV20', 'NITPGI', 'MZNPI', 'ALLSHR', 'MII30', 'ACI', 'KSE100', 'JSGBKTI', 'KSE100PR', 'OGTI', 'KMIALLSHR', 'UPP9', 'BKTI', 'JSMFI', 'HBLTTI']"
BATA,"1,224.70","1,224.99","1,224.99","1,218.51","1,224.30",-0.40,-0.03%,392,['LEATHER & TANNERIES'],"['ALLSHR', 'KMIALLSHR']"
GOC,114.52,111.11,116.93,111.11,116.04,1.52,1.33%,381,['MISCELLANEOUS'],"['ALLSHR', 'KMIALLSHR']"
KCL,171.57,180.50,187.98,160.00,186.66,15.09,8.80%,343,['GLASS & CERAMICS'],"['ALLSHR', 'KMIALLSHR']"
EFUL,154.23,155.00,156.48,155.00,156.48,2.25,1.46%,310,['INSURANCE'],['ALLSHR']
FZCM,224.56,225.00,228.42,225.00,225.24,0.68,0.30%,302,['TEXTILE COMPOSITE'],"['ALLSHR', 'KMIALLSHR']"
HBLTETF,107.90,107.75,107.80,107.66,107.74,-0.16,-0.15%,300,['EXCHANGE TRADED FUNDS'],[]
FILNC,171.38,170.00,187.97,170.00,170.22,-1.16,-0.68%,232,['LEATHER & TANNERIES'],['ALLSHR']
SIEM,"1,540.00","1,503.00","1,550.01","1,503.00","1,537.18",-2.82,-0.18%,231,['CABLE & ELECTRICAL GOODS'],"['ALLSHR', 'KMIALLSHR']"
ASHT,21.19,22.14,22.14,20.76,21.19,0.00,0.00%,218,['TEXTILE WEAVING'],"['ALLSHR', 'KMIALLSHR']"
SHCM,58.47,60.00,60.00,60.00,58.47,0.00,0.00%,210,['TEXTILE SPINNING'],"['ALLSHR', 'KMIALLSHR']"
TICL,775.40,799.98,799.98,781.00,798.74,23.34,3.01%,209,['SUGAR & ALLIED INDUSTRIES'],"['ALLSHR', 'KMIALLSHR']"
BTL,327.29,310.00,319.00,300.41,314.00,-13.29,-4.06%,203,['TEXTILE COMPOSITE'],"['ALLSHR', 'KMIALLSHR']"
AABS,"1,049.29","1,041.00","1,045.89","1,025.00","1,038.16",-11.13,-1.06%,199,['SUGAR & ALLIED INDUSTRIES'],"['ALLSHR', 'KMIALLSHR']"
DMC,249.97,274.97,274.97,233.00,249.97,0.00,0.00%,164,['TEXTILE SPINNING'],"['ALLSHR', 'KMIALLSHR']"
AKDHL,159.78,164.49,164.90,160.00,159.78,0.00,0.00%,158,['MISCELLANEOUS'],"['ALLSHR', 'KMIALLSHR']"
ARPAK,57.06,62.70,62.72,59.01,57.06,0.00,0.00%,155,['MISCELLANEOUS'],['ALLSHR']
AHTM,88.21,90.99,90.99,79.40,88.21,0.00,0.00%,154,['TEXTILE COMPOSITE'],"['ALLSHR', 'KMIALLSHR']"
POWERPS,23.60,25.50,25.50,25.50,23.60,0.00,0.00%,151,['CEMENT'],['ALLSHR']
OML,40.98,37.56,42.00,37.56,40.98,0.00,0.00%,149,['MISCELLANEOUS'],"['ALLSHR', 'KMIALLSHR']"
HAFL,383.21,383.00,419.00,344.89,351.11,-32.10,-8.38%,148,"['TEXTILE SPINNING', 'LEATHER & TANNERIES', 'FERTILIZER', 'OIL & GAS MARKETING COMPANIES', 'PHARMACEUTICALS', 'PROPERTY', 'TEXTILE WEAVING', 'TEXTILE COMPOSITE', 'MISCELLANEOUS', 'COMMERCIAL BANKS', 'TRANSPORT', 'EXCHANGE TRADED FUNDS', 'CABLE & ELECTRICAL GOODS', 'INV. BANKS / INV. COS. / SECURITIES COS.', 'AUTOMOBILE PARTS & ACCESSORIES', 'MODARABAS', 'CHEMICAL', 'CEMENT', 'FOOD & PERSONAL CARE PRODUCTS', 'GLASS & CERAMICS', 'ENGINEERING', 'REFINERY', 'AUTOMOBILE ASSEMBLER', 'SUGAR & ALLIED INDUSTRIES', 'SYNTHETIC & RAYON', 'LEASING COMPANIES', 'TOBACCO', 'INSURANCE', 'OIL & GAS EXPLORATION COMPANIES', 'TECHNOLOGY & COMMUNICATION', 'PAPER, BOARD & PACKAGING', 'REAL ESTATE INVESTMENT TRUST', 'POWER GENERATION & DISTRIBUTION', 'CLOSE - END MUTUAL FUND', 'VANASPATI & ALLIED INDUSTRIES', 'JUTE', 'WOOLLEN']","['KMI30', 'NBPPGI', 'KSE30', 'PSXDIV20', 'NITPGI', 'MZNPI', 'ALLSHR', 'MII30', 'ACI', 'KSE100', 'JSGBKTI', 'KSE100PR', 'OGTI', 'KMIALLSHR', 'UPP9', 'BKTI', 'JSMFI', 'HBLTTI']"
PCAL,167.16,168.80,169.79,168.75,167.16,0.00,0.00%,124,['CABLE & ELECTRICAL GOODS'],['ALLSHR']
ASLCPS,116.76,116.76,126.98,116.76,116.76,0.00,0.00%,109,['ENGINEERING'],['ALLSHR']
JDMT,107.54,105.02,105.02,105.02,107.54,0.00,0.00%,100,['TEXTILE SPINNING'],"['ALLSHR', 'KMIALLSHR']"
PECONC,430.26,445.00,445.00,425.00,425.06,-5.20,-1.21%,94,['ENGINEERING'],['ALLSHR']
JDWS,830.35,830.00,880.00,820.00,827.19,-3.16,-0.38%,80,['SUGAR & ALLIED INDUSTRIES'],"['KSE100', 'KMIALLSHR', 'ALLSHR', 'KSE100PR']"
RMPL,"9,380.51","9,396.99","9,396.99","8,502.00","9,300.29",-80.22,-0.85%,64,['FOOD & PERSONAL CARE PRODUCTS'],"['KSE100', 'KMIALLSHR', 'ALLSHR', 'KSE100PR']"
NESTLE,"7,955.25","8,047.98","8,100.00","8,000.00","8,030.25",75.00,0.94%,60,['FOOD & PERSONAL CARE PRODUCTS'],"['KSE100', 'KMIALLSHR', 'ALLSHR', 'KSE100PR']"
FASM,275.19,270.00,285.00,270.00,275.19,0.00,0.00%,58,['TEXTILE COMPOSITE'],['ALLSHR']
SFL,"1,299.05","1,271.02","1,271.02","1,271.00","1,271.02",-28.03,-2.16%,41,['TEXTILE COMPOSITE'],['ALLSHR']
MEHT,295.49,293.00,314.00,293.00,295.49,0.00,0.00%,36,['TEXTILE COMPOSITE'],"['KSE100', 'KMIALLSHR', 'ALLSHR', 'KSE100PR']"
ASLPS,22.67,21.00,24.29,21.00,22.67,0.00,0.00%,30,['ENGINEERING'],['ALLSHR']
FIMM,261.41,252.00,259.99,252.00,261.41,0.00,0.00%,30,['MODARABAS'],"['ALLSHR', 'KMIALLSHR']"
SANSM,63.12,63.12,63.12,63.12,63.12,0.00,0.00%,30,['SUGAR & ALLIED INDUSTRIES'],"['ALLSHR', 'KMIALLSHR']"
ISIL,"1,948.02","1,982.50","1,982.50","1,979.99","1,980.00",31.98,1.64%,28,['FOOD & PERSONAL CARE PRODUCTS'],"['ALLSHR', 'KMIALLSHR']"
PIAHCLB,"24,379.00","24,990.00","24,990.00","24,101.00","24,483.98",104.98,0.43%,23,['INV. BANKS / INV. COS. / SECURITIES COS.'],['ALLSHR']
UPFL,"28,542.67","29,790.00","29,790.00","28,000.00","29,198.99",656.32,2.30%,21,['FOOD & PERSONAL CARE PRODUCTS'],"['KSE100', 'KMIALLSHR', 'ALLSHR', 'KSE100PR']"
BHAT,868.74,869.00,869.00,869.00,868.74,0.00,0.00%,15,['TEXTILE COMPOSITE'],"['ALLSHR', 'KMIALLSHR']"
KPUS,141.34,149.98,149.98,149.96,141.34,0.00,0.00%,14,['SUGAR & ALLIED INDUSTRIES'],"['ALLSHR', 'KMIALLSHR']"
HPL,"4,218.50","4,278.00","4,359.50","4,218.51","4,334.82",116.32,2.76%,13,['PHARMACEUTICALS'],"['ALLSHR', 'KMIALLSHR']"
IBFL,285.37,285.00,285.00,283.00,285.37,0.00,0.00%,12,['SYNTHETIC & RAYON'],"['KSE100', 'KMIALLSHR', 'ALLSHR', 'KSE100PR']"
STL,"1,529.88","1,520.01","1,569.99","1,520.01","1,529.88",0.00,0.00%,8,['TECHNOLOGY & COMMUNICATION'],"['ALLSHR', 'KMIALLSHR']"
SAPT,"1,334.90","1,420.00","1,420.00","1,420.00","1,334.90",0.00,0.00%,6,['TEXTILE COMPOSITE'],"['ALLSHR', 'KMIALLSHR']"
STJT,107.14,107.00,114.90,101.30,107.14,0.00,0.00%,4,['TEXTILE WEAVING'],"['ALLSHR', 'KMIALLSHR']"
TSML,192.09,207.94,207.94,206.99,192.09,0.00,0.00%,4,['SUGAR & ALLIED INDUSTRIES'],['ALLSHR']
HUSI,26.09,26.08,26.08,26.08,26.09,0.00,0.00%,3,['PROPERTY'],['ALLSHR']
KHYT,"1,795.21","1,640.00","1,725.01","1,620.00","1,795.21",0.00,0.00%,3,['TEXTILE COMPOSITE'],"['ALLSHR', 'KMIALLSHR']"
JKSM,196.00,196.00,196.00,196.00,196.00,0.00,0.00%,2,['TEXTILE SPINNING'],"['ALLSHR', 'KMIALLSHR']"
REWM,184.34,184.75,184.75,184.33,184.34,0.00,0.00%,2,['TEXTILE COMPOSITE'],"['ALLSHR', 'KMIALLSHR']"
AKGL,55.05,54.01,54.01,54.01,55.05,0.00,0.00%,1,['MISCELLANEOUS'],"['ALLSHR', 'KMIALLSHR']"
JSGCL,146.00,158.79,158.79,158.79,146.00,0.00,0.00%,1,['INV. BANKS / INV. COS. / SECURITIES COS.'],['ALLSHR']
RCML,529.19,505.00,505.00,505.00,529.19,0.00,0.00%,1,['TEXTILE SPINNING'],"['ALLSHR', 'KMIALLSHR']"
SHJS,185.01,191.85,191.85,191.85,185.01,0.00,0.00%,1,['SUGAR & ALLIED INDUSTRIES'],['ALLSHR']
